"RelativePath","Length","Extension"
".env","131",".env"
".gitignore","102",".gitignore"
"project_audit_20260930.csv","0",".csv"
".venv\.gitignore","71",".gitignore"
".venv\pyvenv.cfg","356",".cfg"
".venv\Lib\site-packages\certifi\cacert.pem","240216",".pem"
".venv\Lib\site-packages\certifi\core.py","3394",".py"
".venv\Lib\site-packages\certifi\py.typed","0",".typed"
".venv\Lib\site-packages\certifi\__init__.py","94",".py"
".venv\Lib\site-packages\certifi\__main__.py","243",".py"
".venv\Lib\site-packages\certifi\tests\test_certify.py","467",".py"
".venv\Lib\site-packages\certifi\tests\__init__.py","0",".py"
".venv\Lib\site-packages\certifi\tests\__pycache__\test_certify.cpython-313.pyc","1644",".pyc"
".venv\Lib\site-packages\certifi\tests\__pycache__\__init__.cpython-313.pyc","209",".pyc"
".venv\Lib\site-packages\certifi\__pycache__\core.cpython-313.pyc","2085",".pyc"
".venv\Lib\site-packages\certifi\__pycache__\__init__.cpython-313.pyc","330",".pyc"
".venv\Lib\site-packages\certifi\__pycache__\__main__.cpython-313.pyc","647",".pyc"
".venv\Lib\site-packages\certifi-2026.7.22.dist-info\INSTALLER","4",""
".venv\Lib\site-packages\certifi-2026.7.22.dist-info\METADATA","2474",""
".venv\Lib\site-packages\certifi-2026.7.22.dist-info\RECORD","1301",""
".venv\Lib\site-packages\certifi-2026.7.22.dist-info\top_level.txt","8",".txt"
".venv\Lib\site-packages\certifi-2026.7.22.dist-info\WHEEL","91",""
".venv\Lib\site-packages\certifi-2026.7.22.dist-info\licenses\LICENSE","989",""
".venv\Lib\site-packages\charset_normalizer\api.py","36708",".py"
".venv\Lib\site-packages\charset_normalizer\cd.cp313-win_amd64.pyd","115200",".pyd"
".venv\Lib\site-packages\charset_normalizer\cd.py","16447",".py"
".venv\Lib\site-packages\charset_normalizer\constant.py","63309",".py"
".venv\Lib\site-packages\charset_normalizer\legacy.py","2730",".py"
".venv\Lib\site-packages\charset_normalizer\md.cp313-win_amd64.pyd","206336",".pyd"
".venv\Lib\site-packages\charset_normalizer\md.py","36339",".py"
".venv\Lib\site-packages\charset_normalizer\models.py","13917",".py"
".venv\Lib\site-packages\charset_normalizer\py.typed","0",".typed"
".venv\Lib\site-packages\charset_normalizer\utils.py","14574",".py"
".venv\Lib\site-packages\charset_normalizer\version.py","123",".py"
".venv\Lib\site-packages\charset_normalizer\__init__.py","1630",".py"
".venv\Lib\site-packages\charset_normalizer\__main__.py","115",".py"
".venv\Lib\site-packages\charset_normalizer\cli\__init__.py","144",".py"
".venv\Lib\site-packages\charset_normalizer\cli\__main__.py","12312",".py"
".venv\Lib\site-packages\charset_normalizer\cli\__pycache__\__init__.cpython-313.pyc","359",".pyc"
".venv\Lib\site-packages\charset_normalizer\cli\__pycache__\__main__.cpython-313.pyc","13853",".pyc"
".venv\Lib\site-packages\charset_normalizer\__pycache__\api.cpython-313.pyc","22735",".pyc"
".venv\Lib\site-packages\charset_normalizer\__pycache__\cd.cpython-313.pyc","14342",".pyc"
".venv\Lib\site-packages\charset_normalizer\__pycache__\constant.cpython-313.pyc","55337",".pyc"
".venv\Lib\site-packages\charset_normalizer\__pycache__\legacy.cpython-313.pyc","3117",".pyc"
".venv\Lib\site-packages\charset_normalizer\__pycache__\md.cpython-313.pyc","35038",".pyc"
".venv\Lib\site-packages\charset_normalizer\__pycache__\models.cpython-313.pyc","17971",".pyc"
".venv\Lib\site-packages\charset_normalizer\__pycache__\utils.cpython-313.pyc","15714",".pyc"
".venv\Lib\site-packages\charset_normalizer\__pycache__\version.cpython-313.pyc","398",".pyc"
".venv\Lib\site-packages\charset_normalizer\__pycache__\__init__.cpython-313.pyc","1783",".pyc"
".venv\Lib\site-packages\charset_normalizer\__pycache__\__main__.cpython-313.pyc","373",".pyc"
".venv\Lib\site-packages\charset_normalizer-3.5.2.dist-info\entry_points.txt","65",".txt"
".venv\Lib\site-packages\charset_normalizer-3.5.2.dist-info\INSTALLER","4",""
".venv\Lib\site-packages\charset_normalizer-3.5.2.dist-info\METADATA","47287",""
".venv\Lib\site-packages\charset_normalizer-3.5.2.dist-info\RECORD","2769",""
".venv\Lib\site-packages\charset_normalizer-3.5.2.dist-info\top_level.txt","19",".txt"
".venv\Lib\site-packages\charset_normalizer-3.5.2.dist-info\WHEEL","101",""
".venv\Lib\site-packages\charset_normalizer-3.5.2.dist-info\licenses\LICENSE","1092",""
".venv\Lib\site-packages\dotenv\cli.py","6865",".py"
".venv\Lib\site-packages\dotenv\ipython.py","1326",".py"
".venv\Lib\site-packages\dotenv\main.py","15179",".py"
".venv\Lib\site-packages\dotenv\parser.py","5394",".py"
".venv\Lib\site-packages\dotenv\py.typed","26",".typed"
".venv\Lib\site-packages\dotenv\variables.py","2348",".py"
".venv\Lib\site-packages\dotenv\version.py","22",".py"
".venv\Lib\site-packages\dotenv\__init__.py","1230",".py"
".venv\Lib\site-packages\dotenv\__main__.py","129",".py"
".venv\Lib\site-packages\dotenv\__pycache__\cli.cpython-313.pyc","11041",".pyc"
".venv\Lib\site-packages\dotenv\__pycache__\ipython.cpython-313.pyc","2023",".pyc"
".venv\Lib\site-packages\dotenv\__pycache__\main.cpython-313.pyc","20272",".pyc"
".venv\Lib\site-packages\dotenv\__pycache__\parser.cpython-313.pyc","10370",".pyc"
".venv\Lib\site-packages\dotenv\__pycache__\variables.cpython-313.pyc","5167",".pyc"
".venv\Lib\site-packages\dotenv\__pycache__\version.cpython-313.pyc","227",".pyc"
".venv\Lib\site-packages\dotenv\__pycache__\__init__.cpython-313.pyc","1755",".pyc"
".venv\Lib\site-packages\dotenv\__pycache__\__main__.cpython-313.pyc","377",".pyc"
".venv\Lib\site-packages\idna\cli.py","4245",".py"
".venv\Lib\site-packages\idna\codec.py","8002",".py"
".venv\Lib\site-packages\idna\compat.py","1376",".py"
".venv\Lib\site-packages\idna\core.py","32580",".py"
".venv\Lib\site-packages\idna\idnadata.py","45763",".py"
".venv\Lib\site-packages\idna\intranges.py","1851",".py"
".venv\Lib\site-packages\idna\package_data.py","21",".py"
".venv\Lib\site-packages\idna\py.typed","0",".typed"
".venv\Lib\site-packages\idna\uts46data.py","237174",".py"
".venv\Lib\site-packages\idna\__init__.py","944",".py"
".venv\Lib\site-packages\idna\__main__.py","83",".py"
".venv\Lib\site-packages\idna\__pycache__\cli.cpython-313.pyc","5954",".pyc"
".venv\Lib\site-packages\idna\__pycache__\codec.cpython-313.pyc","9935",".pyc"
".venv\Lib\site-packages\idna\__pycache__\compat.cpython-313.pyc","1846",".pyc"
".venv\Lib\site-packages\idna\__pycache__\core.cpython-313.pyc","33744",".pyc"
".venv\Lib\site-packages\idna\__pycache__\idnadata.cpython-313.pyc","22499",".pyc"
".venv\Lib\site-packages\idna\__pycache__\intranges.cpython-313.pyc","2579",".pyc"
".venv\Lib\site-packages\idna\__pycache__\package_data.cpython-313.pyc","229",".pyc"
".venv\Lib\site-packages\idna\__pycache__\uts46data.cpython-313.pyc","97562",".pyc"
".venv\Lib\site-packages\idna\__pycache__\__init__.cpython-313.pyc","945",".pyc"
".venv\Lib\site-packages\idna\__pycache__\__main__.cpython-313.pyc","369",".pyc"
".venv\Lib\site-packages\idna-3.20.dist-info\entry_points.txt","38",".txt"
".venv\Lib\site-packages\idna-3.20.dist-info\INSTALLER","4",""
".venv\Lib\site-packages\idna-3.20.dist-info\METADATA","7207",""
".venv\Lib\site-packages\idna-3.20.dist-info\RECORD","1793",""
".venv\Lib\site-packages\idna-3.20.dist-info\WHEEL","81",""
".venv\Lib\site-packages\idna-3.20.dist-info\licenses\LICENSE.md","1541",".md"
".venv\Lib\site-packages\pip\py.typed","286",".typed"
".venv\Lib\site-packages\pip\__init__.py","355",".py"
".venv\Lib\site-packages\pip\__main__.py","874",".py"
".venv\Lib\site-packages\pip\__pip-runner__.py","1451",".py"
".venv\Lib\site-packages\pip\_internal\cache.py","10457",".py"
".venv\Lib\site-packages\pip\_internal\configuration.py","14562",".py"
".venv\Lib\site-packages\pip\_internal\exceptions.py","38302",".py"
".venv\Lib\site-packages\pip\_internal\main.py","338",".py"
".venv\Lib\site-packages\pip\_internal\pyproject.py","4555",".py"
".venv\Lib\site-packages\pip\_internal\self_outdated_check.py","8097",".py"
".venv\Lib\site-packages\pip\_internal\wheel_builder.py","9146",".py"
".venv\Lib\site-packages\pip\_internal\__init__.py","511",".py"
".venv\Lib\site-packages\pip\_internal\build_env\base.py","3440",".py"
".venv\Lib\site-packages\pip\_internal\build_env\installer.py","13046",".py"
".venv\Lib\site-packages\pip\_internal\build_env\noop.py","1001",".py"
".venv\Lib\site-packages\pip\_internal\build_env\venv.py","5692",".py"
".venv\Lib\site-packages\pip\_internal\build_env\virtual.py","4858",".py"
".venv\Lib\site-packages\pip\_internal\build_env\__init__.py","788",".py"
".venv\Lib\site-packages\pip\_internal\build_env\__pycache__\base.cpython-313.pyc","5145",".pyc"
".venv\Lib\site-packages\pip\_internal\build_env\__pycache__\installer.cpython-313.pyc","13868",".pyc"
".venv\Lib\site-packages\pip\_internal\build_env\__pycache__\noop.cpython-313.pyc","2150",".pyc"
".venv\Lib\site-packages\pip\_internal\build_env\__pycache__\venv.cpython-313.pyc","6875",".pyc"
".venv\Lib\site-packages\pip\_internal\build_env\__pycache__\virtual.cpython-313.pyc","7566",".pyc"
".venv\Lib\site-packages\pip\_internal\build_env\__pycache__\__init__.cpython-313.pyc","883",".pyc"
".venv\Lib\site-packages\pip\_internal\cli\autocompletion.py","7353",".py"
".venv\Lib\site-packages\pip\_internal\cli\base_command.py","9431",".py"
".venv\Lib\site-packages\pip\_internal\cli\cmdoptions.py","41180",".py"
".venv\Lib\site-packages\pip\_internal\cli\command_context.py","817",".py"
".venv\Lib\site-packages\pip\_internal\cli\index_command.py","7504",".py"
".venv\Lib\site-packages\pip\_internal\cli\main.py","3209",".py"
".venv\Lib\site-packages\pip\_internal\cli\main_parser.py","4368",".py"
".venv\Lib\site-packages\pip\_internal\cli\parser.py","14147",".py"
".venv\Lib\site-packages\pip\_internal\cli\progress_bars.py","4706",".py"
".venv\Lib\site-packages\pip\_internal\cli\req_command.py","18952",".py"
".venv\Lib\site-packages\pip\_internal\cli\spinners.py","7362",".py"
".venv\Lib\site-packages\pip\_internal\cli\status_codes.py","136",".py"
".venv\Lib\site-packages\pip\_internal\cli\__init__.py","131",".py"
".venv\Lib\site-packages\pip\_internal\cli\__pycache__\autocompletion.cpython-313.pyc","9540",".pyc"
".venv\Lib\site-packages\pip\_internal\cli\__pycache__\base_command.cpython-313.pyc","11710",".pyc"
".venv\Lib\site-packages\pip\_internal\cli\__pycache__\cmdoptions.cpython-313.pyc","40455",".pyc"
".venv\Lib\site-packages\pip\_internal\cli\__pycache__\command_context.cpython-313.pyc","1932",".pyc"
".venv\Lib\site-packages\pip\_internal\cli\__pycache__\index_command.cpython-313.pyc","9267",".pyc"
".venv\Lib\site-packages\pip\_internal\cli\__pycache__\main.cpython-313.pyc","2260",".pyc"
".venv\Lib\site-packages\pip\_internal\cli\__pycache__\main_parser.cpython-313.pyc","5034",".pyc"
".venv\Lib\site-packages\pip\_internal\cli\__pycache__\parser.cpython-313.pyc","19123",".pyc"
".venv\Lib\site-packages\pip\_internal\cli\__pycache__\progress_bars.cpython-313.pyc","6138",".pyc"
".venv\Lib\site-packages\pip\_internal\cli\__pycache__\req_command.cpython-313.pyc","18114",".pyc"
".venv\Lib\site-packages\pip\_internal\cli\__pycache__\spinners.cpython-313.pyc","11695",".pyc"
".venv\Lib\site-packages\pip\_internal\cli\__pycache__\status_codes.cpython-313.pyc","427",".pyc"
".venv\Lib\site-packages\pip\_internal\cli\__pycache__\__init__.cpython-313.pyc","298",".pyc"
".venv\Lib\site-packages\pip\_internal\commands\cache.py","9251",".py"
".venv\Lib\site-packages\pip\_internal\commands\check.py","2244",".py"
".venv\Lib\site-packages\pip\_internal\commands\completion.py","4565",".py"
".venv\Lib\site-packages\pip\_internal\commands\configuration.py","10132",".py"
".venv\Lib\site-packages\pip\_internal\commands\debug.py","6556",".py"
".venv\Lib\site-packages\pip\_internal\commands\download.py","5404",".py"
".venv\Lib\site-packages\pip\_internal\commands\freeze.py","3100",".py"
".venv\Lib\site-packages\pip\_internal\commands\hash.py","1679",".py"
".venv\Lib\site-packages\pip\_internal\commands\help.py","1108",".py"
".venv\Lib\site-packages\pip\_internal\commands\index.py","5608",".py"
".venv\Lib\site-packages\pip\_internal\commands\inspect.py","3185",".py"
".venv\Lib\site-packages\pip\_internal\commands\install.py","33761",".py"
".venv\Lib\site-packages\pip\_internal\commands\list.py","13908",".py"
".venv\Lib\site-packages\pip\_internal\commands\lock.py","5987",".py"
".venv\Lib\site-packages\pip\_internal\commands\search.py","5782",".py"
".venv\Lib\site-packages\pip\_internal\commands\show.py","8247",".py"
".venv\Lib\site-packages\pip\_internal\commands\uninstall.py","3868",".py"
".venv\Lib\site-packages\pip\_internal\commands\wheel.py","6187",".py"
".venv\Lib\site-packages\pip\_internal\commands\__init__.py","4026",".py"
".venv\Lib\site-packages\pip\_internal\commands\__pycache__\cache.cpython-313.pyc","11649",".pyc"
".venv\Lib\site-packages\pip\_internal\commands\__pycache__\check.cpython-313.pyc","2669",".pyc"
".venv\Lib\site-packages\pip\_internal\commands\__pycache__\completion.cpython-313.pyc","5516",".pyc"
".venv\Lib\site-packages\pip\_internal\commands\__pycache__\configuration.cpython-313.pyc","13447",".pyc"
".venv\Lib\site-packages\pip\_internal\commands\__pycache__\debug.cpython-313.pyc","9991",".pyc"
".venv\Lib\site-packages\pip\_internal\commands\__pycache__\download.cpython-313.pyc","7684",".pyc"
".venv\Lib\site-packages\pip\_internal\commands\__pycache__\freeze.cpython-313.pyc","4370",".pyc"
".venv\Lib\site-packages\pip\_internal\commands\__pycache__\hash.cpython-313.pyc","3019",".pyc"
".venv\Lib\site-packages\pip\_internal\commands\__pycache__\help.cpython-313.pyc","1733",".pyc"
".venv\Lib\site-packages\pip\_internal\commands\__pycache__\index.cpython-313.pyc","7586",".pyc"
".venv\Lib\site-packages\pip\_internal\commands\__pycache__\inspect.cpython-313.pyc","4036",".pyc"
".venv\Lib\site-packages\pip\_internal\commands\__pycache__\install.cpython-313.pyc","34421",".pyc"
".venv\Lib\site-packages\pip\_internal\commands\__pycache__\list.cpython-313.pyc","17980",".pyc"
".venv\Lib\site-packages\pip\_internal\commands\__pycache__\lock.cpython-313.pyc","8354",".pyc"
".venv\Lib\site-packages\pip\_internal\commands\__pycache__\search.cpython-313.pyc","7769",".pyc"
".venv\Lib\site-packages\pip\_internal\commands\__pycache__\show.cpython-313.pyc","11576",".pyc"
".venv\Lib\site-packages\pip\_internal\commands\__pycache__\uninstall.cpython-313.pyc","4758",".pyc"
".venv\Lib\site-packages\pip\_internal\commands\__pycache__\wheel.cpython-313.pyc","8763",".pyc"
".venv\Lib\site-packages\pip\_internal\commands\__pycache__\__init__.cpython-313.pyc","4136",".pyc"
".venv\Lib\site-packages\pip\_internal\distributions\base.py","1907",".py"
".venv\Lib\site-packages\pip\_internal\distributions\installed.py","994",".py"
".venv\Lib\site-packages\pip\_internal\distributions\sdist.py","7783",".py"
".venv\Lib\site-packages\pip\_internal\distributions\wheel.py","1429",".py"
".venv\Lib\site-packages\pip\_internal\distributions\__init__.py","858",".py"
".venv\Lib\site-packages\pip\_internal\distributions\__pycache__\base.cpython-313.pyc","3033",".pyc"
".venv\Lib\site-packages\pip\_internal\distributions\__pycache__\installed.cpython-313.pyc","1927",".pyc"
".venv\Lib\site-packages\pip\_internal\distributions\__pycache__\sdist.cpython-313.pyc","9905",".pyc"
".venv\Lib\site-packages\pip\_internal\distributions\__pycache__\wheel.cpython-313.pyc","2474",".pyc"
".venv\Lib\site-packages\pip\_internal\distributions\__pycache__\__init__.cpython-313.pyc","986",".pyc"
".venv\Lib\site-packages\pip\_internal\index\collector.py","16578",".py"
".venv\Lib\site-packages\pip\_internal\index\package_finder.py","43149",".py"
".venv\Lib\site-packages\pip\_internal\index\sources.py","8621",".py"
".venv\Lib\site-packages\pip\_internal\index\__init__.py","29",".py"
".venv\Lib\site-packages\pip\_internal\index\__pycache__\collector.cpython-313.pyc","22310",".pyc"
".venv\Lib\site-packages\pip\_internal\index\__pycache__\package_finder.cpython-313.pyc","45189",".pyc"
".venv\Lib\site-packages\pip\_internal\index\__pycache__\sources.cpython-313.pyc","12528",".pyc"
".venv\Lib\site-packages\pip\_internal\index\__pycache__\__init__.cpython-313.pyc","252",".pyc"
".venv\Lib\site-packages\pip\_internal\locations\base.py","2548",".py"
".venv\Lib\site-packages\pip\_internal\locations\_distutils.py","5975",".py"
".venv\Lib\site-packages\pip\_internal\locations\_sysconfig.py","7788",".py"
".venv\Lib\site-packages\pip\_internal\locations\__init__.py","14022",".py"
".venv\Lib\site-packages\pip\_internal\locations\__pycache__\base.cpython-313.pyc","3726",".pyc"
".venv\Lib\site-packages\pip\_internal\locations\__pycache__\_distutils.cpython-313.pyc","6901",".pyc"
".venv\Lib\site-packages\pip\_internal\locations\__pycache__\_sysconfig.cpython-313.pyc","8174",".pyc"
".venv\Lib\site-packages\pip\_internal\locations\__pycache__\__init__.cpython-313.pyc","15673",".pyc"
".venv\Lib\site-packages\pip\_internal\metadata\base.py","25642",".py"
".venv\Lib\site-packages\pip\_internal\metadata\pkg_resources.py","10544",".py"
".venv\Lib\site-packages\pip\_internal\metadata\_json.py","2711",".py"
".venv\Lib\site-packages\pip\_internal\metadata\__init__.py","5824",".py"
".venv\Lib\site-packages\pip\_internal\metadata\importlib\_compat.py","2804",".py"
".venv\Lib\site-packages\pip\_internal\metadata\importlib\_dists.py","8717",".py"
".venv\Lib\site-packages\pip\_internal\metadata\importlib\_envs.py","5590",".py"
".venv\Lib\site-packages\pip\_internal\metadata\importlib\__init__.py","135",".py"
".venv\Lib\site-packages\pip\_internal\metadata\importlib\__pycache__\_compat.cpython-313.pyc","4305",".pyc"
".venv\Lib\site-packages\pip\_internal\metadata\importlib\__pycache__\_dists.cpython-313.pyc","13166",".pyc"
".venv\Lib\site-packages\pip\_internal\metadata\importlib\__pycache__\_envs.cpython-313.pyc","8255",".pyc"
".venv\Lib\site-packages\pip\_internal\metadata\importlib\__pycache__\__init__.cpython-313.pyc","381",".pyc"
".venv\Lib\site-packages\pip\_internal\metadata\__pycache__\base.cpython-313.pyc","33849",".pyc"
".venv\Lib\site-packages\pip\_internal\metadata\__pycache__\pkg_resources.cpython-313.pyc","16049",".pyc"
".venv\Lib\site-packages\pip\_internal\metadata\__pycache__\_json.cpython-313.pyc","2945",".pyc"
".venv\Lib\site-packages\pip\_internal\metadata\__pycache__\__init__.cpython-313.pyc","6760",".pyc"
".venv\Lib\site-packages\pip\_internal\models\candidate.py","824",".py"
".venv\Lib\site-packages\pip\_internal\models\direct_url.py","944",".py"
".venv\Lib\site-packages\pip\_internal\models\format_control.py","2471",".py"
".venv\Lib\site-packages\pip\_internal\models\index.py","1030",".py"
".venv\Lib\site-packages\pip\_internal\models\installation_report.py","2846",".py"
".venv\Lib\site-packages\pip\_internal\models\link.py","23474",".py"
".venv\Lib\site-packages\pip\_internal\models\release_control.py","3365",".py"
".venv\Lib\site-packages\pip\_internal\models\scheme.py","558",".py"
".venv\Lib\site-packages\pip\_internal\models\search_scope.py","4461",".py"
".venv\Lib\site-packages\pip\_internal\models\selection_prefs.py","1503",".py"
".venv\Lib\site-packages\pip\_internal\models\target_python.py","4243",".py"
".venv\Lib\site-packages\pip\_internal\models\wheel.py","2920",".py"
".venv\Lib\site-packages\pip\_internal\models\__init__.py","62",".py"
".venv\Lib\site-packages\pip\_internal\models\__pycache__\candidate.cpython-313.pyc","1805",".pyc"
".venv\Lib\site-packages\pip\_internal\models\__pycache__\direct_url.cpython-313.pyc","2063",".pyc"
".venv\Lib\site-packages\pip\_internal\models\__pycache__\format_control.cpython-313.pyc","4182",".pyc"
".venv\Lib\site-packages\pip\_internal\models\__pycache__\index.cpython-313.pyc","1788",".pyc"
".venv\Lib\site-packages\pip\_internal\models\__pycache__\installation_report.cpython-313.pyc","2426",".pyc"
".venv\Lib\site-packages\pip\_internal\models\__pycache__\link.cpython-313.pyc","28538",".pyc"
".venv\Lib\site-packages\pip\_internal\models\__pycache__\release_control.cpython-313.pyc","4141",".pyc"
".venv\Lib\site-packages\pip\_internal\models\__pycache__\scheme.cpython-313.pyc","1076",".pyc"
".venv\Lib\site-packages\pip\_internal\models\__pycache__\search_scope.cpython-313.pyc","5081",".pyc"
".venv\Lib\site-packages\pip\_internal\models\__pycache__\selection_prefs.cpython-313.pyc","1807",".pyc"
".venv\Lib\site-packages\pip\_internal\models\__pycache__\target_python.cpython-313.pyc","4759",".pyc"
".venv\Lib\site-packages\pip\_internal\models\__pycache__\wheel.cpython-313.pyc","4656",".pyc"
".venv\Lib\site-packages\pip\_internal\models\__pycache__\__init__.cpython-313.pyc","286",".pyc"
".venv\Lib\site-packages\pip\_internal\network\auth.py","21545",".py"
".venv\Lib\site-packages\pip\_internal\network\cache.py","4862",".py"
".venv\Lib\site-packages\pip\_internal\network\download.py","14618",".py"
".venv\Lib\site-packages\pip\_internal\network\lazy_wheel.py","7646",".py"
".venv\Lib\site-packages\pip\_internal\network\session.py","19924",".py"
".venv\Lib\site-packages\pip\_internal\network\utils.py","8128",".py"
".venv\Lib\site-packages\pip\_internal\network\xmlrpc.py","1830",".py"
".venv\Lib\site-packages\pip\_internal\network\__init__.py","49",".py"
".venv\Lib\site-packages\pip\_internal\network\__pycache__\auth.cpython-313.pyc","22516",".pyc"
".venv\Lib\site-packages\pip\_internal\network\__pycache__\cache.cpython-313.pyc","8109",".pyc"
".venv\Lib\site-packages\pip\_internal\network\__pycache__\download.cpython-313.pyc","17234",".pyc"
".venv\Lib\site-packages\pip\_internal\network\__pycache__\lazy_wheel.cpython-313.pyc","11476",".pyc"
".venv\Lib\site-packages\pip\_internal\network\__pycache__\session.cpython-313.pyc","20267",".pyc"
".venv\Lib\site-packages\pip\_internal\network\__pycache__\utils.cpython-313.pyc","6992",".pyc"
".venv\Lib\site-packages\pip\_internal\network\__pycache__\xmlrpc.cpython-313.pyc","3050",".pyc"
".venv\Lib\site-packages\pip\_internal\network\__pycache__\__init__.cpython-313.pyc","274",".pyc"
".venv\Lib\site-packages\pip\_internal\operations\check.py","5891",".py"
".venv\Lib\site-packages\pip\_internal\operations\freeze.py","9854",".py"
".venv\Lib\site-packages\pip\_internal\operations\prepare.py","35030",".py"
".venv\Lib\site-packages\pip\_internal\operations\__init__.py","0",".py"
".venv\Lib\site-packages\pip\_internal\operations\build\build_tracker.py","4771",".py"
".venv\Lib\site-packages\pip\_internal\operations\build\metadata.py","1421",".py"
".venv\Lib\site-packages\pip\_internal\operations\build\metadata_editable.py","1509",".py"
".venv\Lib\site-packages\pip\_internal\operations\build\wheel.py","1136",".py"
".venv\Lib\site-packages\pip\_internal\operations\build\wheel_editable.py","1478",".py"
".venv\Lib\site-packages\pip\_internal\operations\build\__init__.py","0",".py"
".venv\Lib\site-packages\pip\_internal\operations\build\__pycache__\build_tracker.cpython-313.pyc","7675",".pyc"
".venv\Lib\site-packages\pip\_internal\operations\build\__pycache__\metadata.cpython-313.pyc","1879",".pyc"
".venv\Lib\site-packages\pip\_internal\operations\build\__pycache__\metadata_editable.cpython-313.pyc","1931",".pyc"
".venv\Lib\site-packages\pip\_internal\operations\build\__pycache__\wheel.cpython-313.pyc","1747",".pyc"
".venv\Lib\site-packages\pip\_internal\operations\build\__pycache__\wheel_editable.cpython-313.pyc","2088",".pyc"
".venv\Lib\site-packages\pip\_internal\operations\build\__pycache__\__init__.cpython-313.pyc","226",".pyc"
".venv\Lib\site-packages\pip\_internal\operations\install\wheel.py","29078",".py"
".venv\Lib\site-packages\pip\_internal\operations\install\__init__.py","50",".py"
".venv\Lib\site-packages\pip\_internal\operations\install\__pycache__\wheel.cpython-313.pyc","35116",".pyc"
".venv\Lib\site-packages\pip\_internal\operations\install\__pycache__\__init__.cpython-313.pyc","286",".pyc"
".venv\Lib\site-packages\pip\_internal\operations\__pycache__\check.cpython-313.pyc","7303",".pyc"
".venv\Lib\site-packages\pip\_internal\operations\__pycache__\freeze.cpython-313.pyc","10435",".pyc"
".venv\Lib\site-packages\pip\_internal\operations\__pycache__\prepare.cpython-313.pyc","33171",".pyc"
".venv\Lib\site-packages\pip\_internal\operations\__pycache__\__init__.cpython-313.pyc","220",".pyc"
".venv\Lib\site-packages\pip\_internal\req\constructors.py","22276",".py"
".venv\Lib\site-packages\pip\_internal\req\pep723.py","1242",".py"
".venv\Lib\site-packages\pip\_internal\req\req_dependency_group.py","3145",".py"
".venv\Lib\site-packages\pip\_internal\req\req_file.py","20644",".py"
".venv\Lib\site-packages\pip\_internal\req\req_install.py","32173",".py"
".venv\Lib\site-packages\pip\_internal\req\req_set.py","2828",".py"
".venv\Lib\site-packages\pip\_internal\req\req_uninstall.py","24276",".py"
".venv\Lib\site-packages\pip\_internal\req\__init__.py","3140",".py"
".venv\Lib\site-packages\pip\_internal\req\__pycache__\constructors.cpython-313.pyc","25188",".pyc"
".venv\Lib\site-packages\pip\_internal\req\__pycache__\pep723.cpython-313.pyc","2805",".pyc"
".venv\Lib\site-packages\pip\_internal\req\__pycache__\req_dependency_group.cpython-313.pyc","4671",".pyc"
".venv\Lib\site-packages\pip\_internal\req\__pycache__\req_file.cpython-313.pyc","24914",".pyc"
".venv\Lib\site-packages\pip\_internal\req\__pycache__\req_install.cpython-313.pyc","35941",".pyc"
".venv\Lib\site-packages\pip\_internal\req\__pycache__\req_set.cpython-313.pyc","5593",".pyc"
".venv\Lib\site-packages\pip\_internal\req\__pycache__\req_uninstall.cpython-313.pyc","32365",".pyc"
".venv\Lib\site-packages\pip\_internal\req\__pycache__\__init__.cpython-313.pyc","4226",".pyc"
".venv\Lib\site-packages\pip\_internal\resolution\base.py","573",".py"
".venv\Lib\site-packages\pip\_internal\resolution\__init__.py","0",".py"
".venv\Lib\site-packages\pip\_internal\resolution\legacy\resolver.py","24110",".py"
".venv\Lib\site-packages\pip\_internal\resolution\legacy\__init__.py","0",".py"
".venv\Lib\site-packages\pip\_internal\resolution\legacy\__pycache__\resolver.cpython-313.pyc","22845",".pyc"
".venv\Lib\site-packages\pip\_internal\resolution\legacy\__pycache__\__init__.cpython-313.pyc","227",".pyc"
".venv\Lib\site-packages\pip\_internal\resolution\resolvelib\base.py","5900",".py"
".venv\Lib\site-packages\pip\_internal\resolution\resolvelib\candidates.py","20848",".py"
".venv\Lib\site-packages\pip\_internal\resolution\resolvelib\factory.py","36162",".py"
".venv\Lib\site-packages\pip\_internal\resolution\resolvelib\found_candidates.py","6005",".py"
".venv\Lib\site-packages\pip\_internal\resolution\resolvelib\provider.py","12310",".py"
".venv\Lib\site-packages\pip\_internal\resolution\resolvelib\reporter.py","3918",".py"
".venv\Lib\site-packages\pip\_internal\resolution\resolvelib\requirements.py","8239",".py"
".venv\Lib\site-packages\pip\_internal\resolution\resolvelib\resolver.py","13849",".py"
".venv\Lib\site-packages\pip\_internal\resolution\resolvelib\__init__.py","0",".py"
".venv\Lib\site-packages\pip\_internal\resolution\resolvelib\__pycache__\base.cpython-313.pyc","9929",".pyc"
".venv\Lib\site-packages\pip\_internal\resolution\resolvelib\__pycache__\candidates.cpython-313.pyc","30117",".pyc"
".venv\Lib\site-packages\pip\_internal\resolution\resolvelib\__pycache__\factory.cpython-313.pyc","36914",".pyc"
".venv\Lib\site-packages\pip\_internal\resolution\resolvelib\__pycache__\found_candidates.cpython-313.pyc","6817",".pyc"
".venv\Lib\site-packages\pip\_internal\resolution\resolvelib\__pycache__\provider.cpython-313.pyc","12514",".pyc"
".venv\Lib\site-packages\pip\_internal\resolution\resolvelib\__pycache__\reporter.cpython-313.pyc","5952",".pyc"
".venv\Lib\site-packages\pip\_internal\resolution\resolvelib\__pycache__\requirements.cpython-313.pyc","15185",".pyc"
".venv\Lib\site-packages\pip\_internal\resolution\resolvelib\__pycache__\resolver.cpython-313.pyc","12903",".pyc"
".venv\Lib\site-packages\pip\_internal\resolution\resolvelib\__pycache__\__init__.cpython-313.pyc","231",".pyc"
".venv\Lib\site-packages\pip\_internal\resolution\__pycache__\base.cpython-313.pyc","1243",".pyc"
".venv\Lib\site-packages\pip\_internal\resolution\__pycache__\__init__.cpython-313.pyc","220",".pyc"
".venv\Lib\site-packages\pip\_internal\utils\appdirs.py","1681",".py"
".venv\Lib\site-packages\pip\_internal\utils\compat.py","2601",".py"
".venv\Lib\site-packages\pip\_internal\utils\compatibility_tags.py","6630",".py"
".venv\Lib\site-packages\pip\_internal\utils\datetime.py","868",".py"
".venv\Lib\site-packages\pip\_internal\utils\deprecation.py","4537",".py"
".venv\Lib\site-packages\pip\_internal\utils\direct_url_helpers.py","3363",".py"
".venv\Lib\site-packages\pip\_internal\utils\egg_link.py","2459",".py"
".venv\Lib\site-packages\pip\_internal\utils\entrypoints.py","3324",".py"
".venv\Lib\site-packages\pip\_internal\utils\filesystem.py","6812",".py"
".venv\Lib\site-packages\pip\_internal\utils\filetypes.py","689",".py"
".venv\Lib\site-packages\pip\_internal\utils\glibc.py","3726",".py"
".venv\Lib\site-packages\pip\_internal\utils\hashes.py","5040",".py"
".venv\Lib\site-packages\pip\_internal\utils\logging.py","13919",".py"
".venv\Lib\site-packages\pip\_internal\utils\misc.py","25408",".py"
".venv\Lib\site-packages\pip\_internal\utils\packaging.py","1601",".py"
".venv\Lib\site-packages\pip\_internal\utils\pylock.py","10290",".py"
".venv\Lib\site-packages\pip\_internal\utils\retry.py","1488",".py"
".venv\Lib\site-packages\pip\_internal\utils\subprocess.py","9001",".py"
".venv\Lib\site-packages\pip\_internal\utils\temp_dir.py","9303",".py"
".venv\Lib\site-packages\pip\_internal\utils\unpacking.py","14789",".py"
".venv\Lib\site-packages\pip\_internal\utils\urls.py","1647",".py"
".venv\Lib\site-packages\pip\_internal\utils\virtualenv.py","2272",".py"
".venv\Lib\site-packages\pip\_internal\utils\wheel.py","4468",".py"
".venv\Lib\site-packages\pip\_internal\utils\_jaraco_text.py","3350",".py"
".venv\Lib\site-packages\pip\_internal\utils\_log.py","1015",".py"
".venv\Lib\site-packages\pip\_internal\utils\__init__.py","0",".py"
".venv\Lib\site-packages\pip\_internal\utils\__pycache__\appdirs.cpython-313.pyc","2488",".pyc"
".venv\Lib\site-packages\pip\_internal\utils\__pycache__\compat.cpython-313.pyc","3572",".pyc"
".venv\Lib\site-packages\pip\_internal\utils\__pycache__\compatibility_tags.cpython-313.pyc","6717",".pyc"
".venv\Lib\site-packages\pip\_internal\utils\__pycache__\datetime.cpython-313.pyc","1572",".pyc"
".venv\Lib\site-packages\pip\_internal\utils\__pycache__\deprecation.cpython-313.pyc","5147",".pyc"
".venv\Lib\site-packages\pip\_internal\utils\__pycache__\direct_url_helpers.cpython-313.pyc","3822",".pyc"
".venv\Lib\site-packages\pip\_internal\utils\__pycache__\egg_link.cpython-313.pyc","3173",".pyc"
".venv\Lib\site-packages\pip\_internal\utils\__pycache__\entrypoints.cpython-313.pyc","4165",".pyc"
".venv\Lib\site-packages\pip\_internal\utils\__pycache__\filesystem.cpython-313.pyc","10241",".pyc"
".venv\Lib\site-packages\pip\_internal\utils\__pycache__\filetypes.cpython-313.pyc","1155",".pyc"
".venv\Lib\site-packages\pip\_internal\utils\__pycache__\glibc.cpython-313.pyc","2401",".pyc"
".venv\Lib\site-packages\pip\_internal\utils\__pycache__\hashes.cpython-313.pyc","7615",".pyc"
".venv\Lib\site-packages\pip\_internal\utils\__pycache__\logging.cpython-313.pyc","15631",".pyc"
".venv\Lib\site-packages\pip\_internal\utils\__pycache__\misc.cpython-313.pyc","34114",".pyc"
".venv\Lib\site-packages\pip\_internal\utils\__pycache__\packaging.cpython-313.pyc","1866",".pyc"
".venv\Lib\site-packages\pip\_internal\utils\__pycache__\pylock.cpython-313.pyc","11826",".pyc"
".venv\Lib\site-packages\pip\_internal\utils\__pycache__\retry.cpython-313.pyc","2031",".pyc"
".venv\Lib\site-packages\pip\_internal\utils\__pycache__\subprocess.cpython-313.pyc","8759",".pyc"
".venv\Lib\site-packages\pip\_internal\utils\__pycache__\temp_dir.cpython-313.pyc","12037",".pyc"
".venv\Lib\site-packages\pip\_internal\utils\__pycache__\unpacking.cpython-313.pyc","16420",".pyc"
".venv\Lib\site-packages\pip\_internal\utils\__pycache__\urls.cpython-313.pyc","2146",".pyc"
".venv\Lib\site-packages\pip\_internal\utils\__pycache__\virtualenv.cpython-313.pyc","2949",".pyc"
".venv\Lib\site-packages\pip\_internal\utils\__pycache__\wheel.cpython-313.pyc","5879",".pyc"
".venv\Lib\site-packages\pip\_internal\utils\__pycache__\_jaraco_text.cpython-313.pyc","4461",".pyc"
".venv\Lib\site-packages\pip\_internal\utils\__pycache__\_log.cpython-313.pyc","1934",".pyc"
".venv\Lib\site-packages\pip\_internal\utils\__pycache__\__init__.cpython-313.pyc","215",".pyc"
".venv\Lib\site-packages\pip\_internal\vcs\bazaar.py","3734",".py"
".venv\Lib\site-packages\pip\_internal\vcs\git.py","19273",".py"
".venv\Lib\site-packages\pip\_internal\vcs\mercurial.py","5575",".py"
".venv\Lib\site-packages\pip\_internal\vcs\subversion.py","11787",".py"
".venv\Lib\site-packages\pip\_internal\vcs\versioncontrol.py","22579",".py"
".venv\Lib\site-packages\pip\_internal\vcs\__init__.py","596",".py"
".venv\Lib\site-packages\pip\_internal\vcs\__pycache__\bazaar.cpython-313.pyc","5263",".pyc"
".venv\Lib\site-packages\pip\_internal\vcs\__pycache__\git.cpython-313.pyc","19929",".pyc"
".venv\Lib\site-packages\pip\_internal\vcs\__pycache__\mercurial.cpython-313.pyc","7781",".pyc"
".venv\Lib\site-packages\pip\_internal\vcs\__pycache__\subversion.cpython-313.pyc","12481",".pyc"
".venv\Lib\site-packages\pip\_internal\vcs\__pycache__\versioncontrol.cpython-313.pyc","28213",".pyc"
".venv\Lib\site-packages\pip\_internal\vcs\__pycache__\__init__.cpython-313.pyc","554",".pyc"
".venv\Lib\site-packages\pip\_internal\__pycache__\cache.cpython-313.pyc","12765",".pyc"
".venv\Lib\site-packages\pip\_internal\__pycache__\configuration.cpython-313.pyc","18423",".pyc"
".venv\Lib\site-packages\pip\_internal\__pycache__\exceptions.cpython-313.pyc","52283",".pyc"
".venv\Lib\site-packages\pip\_internal\__pycache__\main.cpython-313.pyc","649",".pyc"
".venv\Lib\site-packages\pip\_internal\__pycache__\pyproject.cpython-313.pyc","4108",".pyc"
".venv\Lib\site-packages\pip\_internal\__pycache__\self_outdated_check.cpython-313.pyc","9876",".pyc"
".venv\Lib\site-packages\pip\_internal\__pycache__\wheel_builder.cpython-313.pyc","11123",".pyc"
".venv\Lib\site-packages\pip\_internal\__pycache__\__init__.cpython-313.pyc","764",".pyc"
".venv\Lib\site-packages\pip\_vendor\bom.cdx.json","5319",".json"
".venv\Lib\site-packages\pip\_vendor\README.rst","9222",".rst"
".venv\Lib\site-packages\pip\_vendor\vendor.txt","317",".txt"
".venv\Lib\site-packages\pip\_vendor\__init__.py","4907",".py"
".venv\Lib\site-packages\pip\_vendor\cachecontrol\adapter.py","6586",".py"
".venv\Lib\site-packages\pip\_vendor\cachecontrol\cache.py","1953",".py"
".venv\Lib\site-packages\pip\_vendor\cachecontrol\controller.py","19102",".py"
".venv\Lib\site-packages\pip\_vendor\cachecontrol\filewrapper.py","4354",".py"
".venv\Lib\site-packages\pip\_vendor\cachecontrol\heuristics.py","4881",".py"
".venv\Lib\site-packages\pip\_vendor\cachecontrol\LICENSE.txt","558",".txt"
".venv\Lib\site-packages\pip\_vendor\cachecontrol\py.typed","0",".typed"
".venv\Lib\site-packages\pip\_vendor\cachecontrol\serialize.py","5163",".py"
".venv\Lib\site-packages\pip\_vendor\cachecontrol\wrapper.py","1417",".py"
".venv\Lib\site-packages\pip\_vendor\cachecontrol\_cmd.py","1737",".py"
".venv\Lib\site-packages\pip\_vendor\cachecontrol\__init__.py","820",".py"
".venv\Lib\site-packages\pip\_vendor\cachecontrol\caches\file_cache.py","4117",".py"
".venv\Lib\site-packages\pip\_vendor\cachecontrol\caches\redis_cache.py","1386",".py"
".venv\Lib\site-packages\pip\_vendor\cachecontrol\caches\__init__.py","303",".py"
".venv\Lib\site-packages\pip\_vendor\cachecontrol\caches\__pycache__\file_cache.cpython-313.pyc","7187",".pyc"
".venv\Lib\site-packages\pip\_vendor\cachecontrol\caches\__pycache__\redis_cache.cpython-313.pyc","2840",".pyc"
".venv\Lib\site-packages\pip\_vendor\cachecontrol\caches\__pycache__\__init__.cpython-313.pyc","459",".pyc"
".venv\Lib\site-packages\pip\_vendor\cachecontrol\__pycache__\adapter.cpython-313.pyc","6856",".pyc"
".venv\Lib\site-packages\pip\_vendor\cachecontrol\__pycache__\cache.cpython-313.pyc","3951",".pyc"
".venv\Lib\site-packages\pip\_vendor\cachecontrol\__pycache__\controller.cpython-313.pyc","16875",".pyc"
".venv\Lib\site-packages\pip\_vendor\cachecontrol\__pycache__\filewrapper.cpython-313.pyc","4505",".pyc"
".venv\Lib\site-packages\pip\_vendor\cachecontrol\__pycache__\heuristics.cpython-313.pyc","6793",".pyc"
".venv\Lib\site-packages\pip\_vendor\cachecontrol\__pycache__\serialize.cpython-313.pyc","5390",".pyc"
".venv\Lib\site-packages\pip\_vendor\cachecontrol\__pycache__\wrapper.cpython-313.pyc","1718",".pyc"
".venv\Lib\site-packages\pip\_vendor\cachecontrol\__pycache__\_cmd.cpython-313.pyc","2699",".pyc"
".venv\Lib\site-packages\pip\_vendor\cachecontrol\__pycache__\__init__.cpython-313.pyc","941",".pyc"
".venv\Lib\site-packages\pip\_vendor\certifi\cacert.pem","234354",".pem"
".venv\Lib\site-packages\pip\_vendor\certifi\core.py","3442",".py"
".venv\Lib\site-packages\pip\_vendor\certifi\LICENSE","989",""
".venv\Lib\site-packages\pip\_vendor\certifi\py.typed","0",".typed"
".venv\Lib\site-packages\pip\_vendor\certifi\__init__.py","94",".py"
".venv\Lib\site-packages\pip\_vendor\certifi\__main__.py","255",".py"
".venv\Lib\site-packages\pip\_vendor\certifi\__pycache__\core.cpython-313.pyc","2114",".pyc"
".venv\Lib\site-packages\pip\_vendor\certifi\__pycache__\__init__.cpython-313.pyc","342",".pyc"
".venv\Lib\site-packages\pip\_vendor\certifi\__pycache__\__main__.cpython-313.pyc","671",".pyc"
".venv\Lib\site-packages\pip\_vendor\distlib\compat.py","40605",".py"
".venv\Lib\site-packages\pip\_vendor\distlib\LICENSE.txt","14531",".txt"
".venv\Lib\site-packages\pip\_vendor\distlib\resources.py","11350",".py"
".venv\Lib\site-packages\pip\_vendor\distlib\scripts.py","18835",".py"
".venv\Lib\site-packages\pip\_vendor\distlib\t32.exe","97792",".exe"
".venv\Lib\site-packages\pip\_vendor\distlib\t64-arm.exe","182784",".exe"
".venv\Lib\site-packages\pip\_vendor\distlib\t64.exe","108032",".exe"
".venv\Lib\site-packages\pip\_vendor\distlib\util.py","68167",".py"
".venv\Lib\site-packages\pip\_vendor\distlib\w32.exe","91648",".exe"
".venv\Lib\site-packages\pip\_vendor\distlib\w64-arm.exe","168448",".exe"
".venv\Lib\site-packages\pip\_vendor\distlib\w64.exe","101888",".exe"
".venv\Lib\site-packages\pip\_vendor\distlib\__init__.py","625",".py"
".venv\Lib\site-packages\pip\_vendor\distlib\__pycache__\compat.cpython-313.pyc","45727",".pyc"
".venv\Lib\site-packages\pip\_vendor\distlib\__pycache__\resources.cpython-313.pyc","18292",".pyc"
".venv\Lib\site-packages\pip\_vendor\distlib\__pycache__\scripts.cpython-313.pyc","20570",".pyc"
".venv\Lib\site-packages\pip\_vendor\distlib\__pycache__\util.cpython-313.pyc","91550",".pyc"
".venv\Lib\site-packages\pip\_vendor\distlib\__pycache__\__init__.cpython-313.pyc","1379",".pyc"
".venv\Lib\site-packages\pip\_vendor\distro\distro.py","49430",".py"
".venv\Lib\site-packages\pip\_vendor\distro\LICENSE","11325",""
".venv\Lib\site-packages\pip\_vendor\distro\py.typed","0",".typed"
".venv\Lib\site-packages\pip\_vendor\distro\__init__.py","981",".py"
".venv\Lib\site-packages\pip\_vendor\distro\__main__.py","64",".py"
".venv\Lib\site-packages\pip\_vendor\distro\__pycache__\distro.cpython-313.pyc","52167",".pyc"
".venv\Lib\site-packages\pip\_vendor\distro\__pycache__\__init__.cpython-313.pyc","984",".pyc"
".venv\Lib\site-packages\pip\_vendor\distro\__pycache__\__main__.cpython-313.pyc","318",".pyc"
".venv\Lib\site-packages\pip\_vendor\idna\cli.py","4139",".py"
".venv\Lib\site-packages\pip\_vendor\idna\codec.py","5040",".py"
".venv\Lib\site-packages\pip\_vendor\idna\compat.py","1353",".py"
".venv\Lib\site-packages\pip\_vendor\idna\core.py","24685",".py"
".venv\Lib\site-packages\pip\_vendor\idna\idnadata.py","44862",".py"
".venv\Lib\site-packages\pip\_vendor\idna\intranges.py","1851",".py"
".venv\Lib\site-packages\pip\_vendor\idna\LICENSE.md","1541",".md"
".venv\Lib\site-packages\pip\_vendor\idna\package_data.py","21",".py"
".venv\Lib\site-packages\pip\_vendor\idna\py.typed","0",".typed"
".venv\Lib\site-packages\pip\_vendor\idna\uts46data.py","234325",".py"
".venv\Lib\site-packages\pip\_vendor\idna\__init__.py","868",".py"
".venv\Lib\site-packages\pip\_vendor\idna\__main__.py","83",".py"
".venv\Lib\site-packages\pip\_vendor\idna\__pycache__\cli.cpython-313.pyc","5910",".pyc"
".venv\Lib\site-packages\pip\_vendor\idna\__pycache__\codec.cpython-313.pyc","6589",".pyc"
".venv\Lib\site-packages\pip\_vendor\idna\__pycache__\compat.cpython-313.pyc","1870",".pyc"
".venv\Lib\site-packages\pip\_vendor\idna\__pycache__\core.cpython-313.pyc","28449",".pyc"
".venv\Lib\site-packages\pip\_vendor\idna\__pycache__\idnadata.cpython-313.pyc","22057",".pyc"
".venv\Lib\site-packages\pip\_vendor\idna\__pycache__\intranges.cpython-313.pyc","2591",".pyc"
".venv\Lib\site-packages\pip\_vendor\idna\__pycache__\package_data.cpython-313.pyc","241",".pyc"
".venv\Lib\site-packages\pip\_vendor\idna\__pycache__\uts46data.cpython-313.pyc","96263",".pyc"
".venv\Lib\site-packages\pip\_vendor\idna\__pycache__\__init__.cpython-313.pyc","910",".pyc"
".venv\Lib\site-packages\pip\_vendor\idna\__pycache__\__main__.cpython-313.pyc","381",".pyc"
".venv\Lib\site-packages\pip\_vendor\msgpack\COPYING","614",""
".venv\Lib\site-packages\pip\_vendor\msgpack\exceptions.py","1081",".py"
".venv\Lib\site-packages\pip\_vendor\msgpack\ext.py","5726",".py"
".venv\Lib\site-packages\pip\_vendor\msgpack\fallback.py","32390",".py"
".venv\Lib\site-packages\pip\_vendor\msgpack\__init__.py","1109",".py"
".venv\Lib\site-packages\pip\_vendor\msgpack\__pycache__\exceptions.cpython-313.pyc","2188",".pyc"
".venv\Lib\site-packages\pip\_vendor\msgpack\__pycache__\ext.cpython-313.pyc","8117",".pyc"
".venv\Lib\site-packages\pip\_vendor\msgpack\__pycache__\fallback.cpython-313.pyc","42092",".pyc"
".venv\Lib\site-packages\pip\_vendor\msgpack\__pycache__\__init__.cpython-313.pyc","1739",".pyc"
".venv\Lib\site-packages\pip\_vendor\packaging\dependency_groups.py","10218",".py"
".venv\Lib\site-packages\pip\_vendor\packaging\direct_url.py","10917",".py"
".venv\Lib\site-packages\pip\_vendor\packaging\errors.py","2680",".py"
".venv\Lib\site-packages\pip\_vendor\packaging\LICENSE","197",""
".venv\Lib\site-packages\pip\_vendor\packaging\LICENSE.APACHE","10174",".APACHE"
".venv\Lib\site-packages\pip\_vendor\packaging\LICENSE.BSD","1344",".BSD"
".venv\Lib\site-packages\pip\_vendor\packaging\markers.py","17067",".py"
".venv\Lib\site-packages\pip\_vendor\packaging\metadata.py","38770",".py"
".venv\Lib\site-packages\pip\_vendor\packaging\py.typed","0",".typed"
".venv\Lib\site-packages\pip\_vendor\packaging\pylock.py","33890",".py"
".venv\Lib\site-packages\pip\_vendor\packaging\requirements.py","4395",".py"
".venv\Lib\site-packages\pip\_vendor\packaging\specifiers.py","71550",".py"
".venv\Lib\site-packages\pip\_vendor\packaging\tags.py","34236",".py"
".venv\Lib\site-packages\pip\_vendor\packaging\utils.py","9848",".py"
".venv\Lib\site-packages\pip\_vendor\packaging\version.py","38393",".py"
".venv\Lib\site-packages\pip\_vendor\packaging\_elffile.py","3211",".py"
".venv\Lib\site-packages\pip\_vendor\packaging\_manylinux.py","9559",".py"
".venv\Lib\site-packages\pip\_vendor\packaging\_musllinux.py","2707",".py"
".venv\Lib\site-packages\pip\_vendor\packaging\_parser.py","11698",".py"
".venv\Lib\site-packages\pip\_vendor\packaging\_structures.py","1109",".py"
".venv\Lib\site-packages\pip\_vendor\packaging\_tokenizer.py","5391",".py"
".venv\Lib\site-packages\pip\_vendor\packaging\__init__.py","494",".py"
".venv\Lib\site-packages\pip\_vendor\packaging\licenses\_spdx.py","51122",".py"
".venv\Lib\site-packages\pip\_vendor\packaging\licenses\__init__.py","7293",".py"
".venv\Lib\site-packages\pip\_vendor\packaging\licenses\__pycache__\_spdx.cpython-313.pyc","49960",".pyc"
".venv\Lib\site-packages\pip\_vendor\packaging\licenses\__pycache__\__init__.cpython-313.pyc","5578",".pyc"
".venv\Lib\site-packages\pip\_vendor\packaging\__pycache__\dependency_groups.cpython-313.pyc","11143",".pyc"
".venv\Lib\site-packages\pip\_vendor\packaging\__pycache__\direct_url.cpython-313.pyc","14759",".pyc"
".venv\Lib\site-packages\pip\_vendor\packaging\__pycache__\errors.cpython-313.pyc","4443",".pyc"
".venv\Lib\site-packages\pip\_vendor\packaging\__pycache__\markers.cpython-313.pyc","17760",".pyc"
".venv\Lib\site-packages\pip\_vendor\packaging\__pycache__\metadata.cpython-313.pyc","31514",".pyc"
".venv\Lib\site-packages\pip\_vendor\packaging\__pycache__\pylock.cpython-313.pyc","38114",".pyc"
".venv\Lib\site-packages\pip\_vendor\packaging\__pycache__\requirements.cpython-313.pyc","6362",".pyc"
".venv\Lib\site-packages\pip\_vendor\packaging\__pycache__\specifiers.cpython-313.pyc","74534",".pyc"
".venv\Lib\site-packages\pip\_vendor\packaging\__pycache__\tags.cpython-313.pyc","37284",".pyc"
".venv\Lib\site-packages\pip\_vendor\packaging\__pycache__\utils.cpython-313.pyc","10893",".pyc"
".venv\Lib\site-packages\pip\_vendor\packaging\__pycache__\version.cpython-313.pyc","41353",".pyc"
".venv\Lib\site-packages\pip\_vendor\packaging\__pycache__\_elffile.cpython-313.pyc","5163",".pyc"
".venv\Lib\site-packages\pip\_vendor\packaging\__pycache__\_manylinux.cpython-313.pyc","10178",".pyc"
".venv\Lib\site-packages\pip\_vendor\packaging\__pycache__\_musllinux.cpython-313.pyc","4659",".pyc"
".venv\Lib\site-packages\pip\_vendor\packaging\__pycache__\_parser.cpython-313.pyc","15866",".pyc"
".venv\Lib\site-packages\pip\_vendor\packaging\__pycache__\_structures.cpython-313.pyc","1703",".pyc"
".venv\Lib\site-packages\pip\_vendor\packaging\__pycache__\_tokenizer.cpython-313.pyc","8590",".pyc"
".venv\Lib\site-packages\pip\_vendor\packaging\__pycache__\__init__.cpython-313.pyc","582",".pyc"
".venv\Lib\site-packages\pip\_vendor\pkg_resources\LICENSE","1023",""
".venv\Lib\site-packages\pip\_vendor\pkg_resources\__init__.py","124451",".py"
".venv\Lib\site-packages\pip\_vendor\pkg_resources\__pycache__\__init__.cpython-313.pyc","161630",".pyc"
".venv\Lib\site-packages\pip\_vendor\platformdirs\android.py","11566",".py"
".venv\Lib\site-packages\pip\_vendor\platformdirs\api.py","14887",".py"
".venv\Lib\site-packages\pip\_vendor\platformdirs\LICENSE","1089",""
".venv\Lib\site-packages\pip\_vendor\platformdirs\macos.py","9538",".py"
".venv\Lib\site-packages\pip\_vendor\platformdirs\py.typed","0",".typed"
".venv\Lib\site-packages\pip\_vendor\platformdirs\unix.py","13317",".py"
".venv\Lib\site-packages\pip\_vendor\platformdirs\version.py","522",".py"
".venv\Lib\site-packages\pip\_vendor\platformdirs\windows.py","15798",".py"
".venv\Lib\site-packages\pip\_vendor\platformdirs\_xdg.py","7894",".py"
".venv\Lib\site-packages\pip\_vendor\platformdirs\__init__.py","32389",".py"
".venv\Lib\site-packages\pip\_vendor\platformdirs\__main__.py","1773",".py"
".venv\Lib\site-packages\pip\_vendor\platformdirs\__pycache__\android.cpython-313.pyc","14181",".pyc"
".venv\Lib\site-packages\pip\_vendor\platformdirs\__pycache__\api.cpython-313.pyc","21076",".pyc"
".venv\Lib\site-packages\pip\_vendor\platformdirs\__pycache__\macos.cpython-313.pyc","14609",".pyc"
".venv\Lib\site-packages\pip\_vendor\platformdirs\__pycache__\unix.cpython-313.pyc","20165",".pyc"
".venv\Lib\site-packages\pip\_vendor\platformdirs\__pycache__\version.cpython-313.pyc","674",".pyc"
".venv\Lib\site-packages\pip\_vendor\platformdirs\__pycache__\windows.cpython-313.pyc","22186",".pyc"
".venv\Lib\site-packages\pip\_vendor\platformdirs\__pycache__\_xdg.cpython-313.pyc","13963",".pyc"
".venv\Lib\site-packages\pip\_vendor\platformdirs\__pycache__\__init__.cpython-313.pyc","29325",".pyc"
".venv\Lib\site-packages\pip\_vendor\platformdirs\__pycache__\__main__.cpython-313.pyc","2158",".pyc"
".venv\Lib\site-packages\pip\_vendor\pygments\console.py","1721",".py"
".venv\Lib\site-packages\pip\_vendor\pygments\filter.py","1913",".py"
".venv\Lib\site-packages\pip\_vendor\pygments\formatter.py","4393",".py"
".venv\Lib\site-packages\pip\_vendor\pygments\lexer.py","35394",".py"
".venv\Lib\site-packages\pip\_vendor\pygments\LICENSE","1331",""
".venv\Lib\site-packages\pip\_vendor\pygments\modeline.py","1008",".py"
".venv\Lib\site-packages\pip\_vendor\pygments\plugin.py","1928",".py"
".venv\Lib\site-packages\pip\_vendor\pygments\regexopt.py","3308",".py"
".venv\Lib\site-packages\pip\_vendor\pygments\scanner.py","3095",".py"
".venv\Lib\site-packages\pip\_vendor\pygments\sphinxext.py","7984",".py"
".venv\Lib\site-packages\pip\_vendor\pygments\style.py","6423",".py"
".venv\Lib\site-packages\pip\_vendor\pygments\token.py","6229",".py"
".venv\Lib\site-packages\pip\_vendor\pygments\unistring.py","63211",".py"
".venv\Lib\site-packages\pip\_vendor\pygments\util.py","10046",".py"
".venv\Lib\site-packages\pip\_vendor\pygments\__init__.py","2986",".py"
".venv\Lib\site-packages\pip\_vendor\pygments\__main__.py","356",".py"
".venv\Lib\site-packages\pip\_vendor\pygments\filters\__init__.py","40397",".py"
".venv\Lib\site-packages\pip\_vendor\pygments\filters\__pycache__\__init__.cpython-313.pyc","37999",".pyc"
".venv\Lib\site-packages\pip\_vendor\pygments\formatters\_mapping.py","4176",".py"
".venv\Lib\site-packages\pip\_vendor\pygments\formatters\__init__.py","5388",".py"
".venv\Lib\site-packages\pip\_vendor\pygments\formatters\__pycache__\_mapping.cpython-313.pyc","4240",".pyc"
".venv\Lib\site-packages\pip\_vendor\pygments\formatters\__pycache__\__init__.cpython-313.pyc","6954",".pyc"
".venv\Lib\site-packages\pip\_vendor\pygments\lexers\python.py","54250",".py"
".venv\Lib\site-packages\pip\_vendor\pygments\lexers\_mapping.py","77934",".py"
".venv\Lib\site-packages\pip\_vendor\pygments\lexers\__init__.py","12118",".py"
".venv\Lib\site-packages\pip\_vendor\pygments\lexers\__pycache__\python.cpython-313.pyc","43411",".pyc"
".venv\Lib\site-packages\pip\_vendor\pygments\lexers\__pycache__\_mapping.cpython-313.pyc","70155",".pyc"
".venv\Lib\site-packages\pip\_vendor\pygments\lexers\__pycache__\__init__.cpython-313.pyc","14782",".pyc"
".venv\Lib\site-packages\pip\_vendor\pygments\styles\_mapping.py","3312",".py"
".venv\Lib\site-packages\pip\_vendor\pygments\styles\__init__.py","2045",".py"
".venv\Lib\site-packages\pip\_vendor\pygments\styles\__pycache__\_mapping.cpython-313.pyc","3673",".pyc"
".venv\Lib\site-packages\pip\_vendor\pygments\styles\__pycache__\__init__.cpython-313.pyc","2669",".pyc"
".venv\Lib\site-packages\pip\_vendor\pygments\__pycache__\console.cpython-313.pyc","2628",".pyc"
".venv\Lib\site-packages\pip\_vendor\pygments\__pycache__\filter.cpython-313.pyc","3254",".pyc"
".venv\Lib\site-packages\pip\_vendor\pygments\__pycache__\formatter.cpython-313.pyc","4585",".pyc"
".venv\Lib\site-packages\pip\_vendor\pygments\__pycache__\lexer.cpython-313.pyc","38590",".pyc"
".venv\Lib\site-packages\pip\_vendor\pygments\__pycache__\modeline.cpython-313.pyc","1601",".pyc"
".venv\Lib\site-packages\pip\_vendor\pygments\__pycache__\plugin.cpython-313.pyc","2653",".pyc"
".venv\Lib\site-packages\pip\_vendor\pygments\__pycache__\regexopt.cpython-313.pyc","4510",".pyc"
".venv\Lib\site-packages\pip\_vendor\pygments\__pycache__\scanner.cpython-313.pyc","4711",".pyc"
".venv\Lib\site-packages\pip\_vendor\pygments\__pycache__\sphinxext.cpython-313.pyc","12268",".pyc"
".venv\Lib\site-packages\pip\_vendor\pygments\__pycache__\style.cpython-313.pyc","6967",".pyc"
".venv\Lib\site-packages\pip\_vendor\pygments\__pycache__\token.cpython-313.pyc","8271",".pyc"
".venv\Lib\site-packages\pip\_vendor\pygments\__pycache__\unistring.cpython-313.pyc","33053",".pyc"
".venv\Lib\site-packages\pip\_vendor\pygments\__pycache__\util.cpython-313.pyc","14206",".pyc"
".venv\Lib\site-packages\pip\_vendor\pygments\__pycache__\__init__.cpython-313.pyc","3460",".pyc"
".venv\Lib\site-packages\pip\_vendor\pygments\__pycache__\__main__.cpython-313.pyc","740",".pyc"
".venv\Lib\site-packages\pip\_vendor\pyproject_hooks\LICENSE","1081",""
".venv\Lib\site-packages\pip\_vendor\pyproject_hooks\py.typed","0",".typed"
".venv\Lib\site-packages\pip\_vendor\pyproject_hooks\_impl.py","14936",".py"
".venv\Lib\site-packages\pip\_vendor\pyproject_hooks\__init__.py","691",".py"
".venv\Lib\site-packages\pip\_vendor\pyproject_hooks\_in_process\_in_process.py","12216",".py"
".venv\Lib\site-packages\pip\_vendor\pyproject_hooks\_in_process\__init__.py","557",".py"
".venv\Lib\site-packages\pip\_vendor\pyproject_hooks\_in_process\__pycache__\_in_process.cpython-313.pyc","15534",".pyc"
".venv\Lib\site-packages\pip\_vendor\pyproject_hooks\_in_process\__pycache__\__init__.cpython-313.pyc","1109",".pyc"
".venv\Lib\site-packages\pip\_vendor\pyproject_hooks\__pycache__\_impl.cpython-313.pyc","17754",".pyc"
".venv\Lib\site-packages\pip\_vendor\pyproject_hooks\__pycache__\__init__.cpython-313.pyc","782",".pyc"
".venv\Lib\site-packages\pip\_vendor\requests\adapters.py","28208",".py"
".venv\Lib\site-packages\pip\_vendor\requests\api.py","7152",".py"
".venv\Lib\site-packages\pip\_vendor\requests\auth.py","12233",".py"
".venv\Lib\site-packages\pip\_vendor\requests\certs.py","442",".py"
".venv\Lib\site-packages\pip\_vendor\requests\compat.py","2035",".py"
".venv\Lib\site-packages\pip\_vendor\requests\cookies.py","21549",".py"
".venv\Lib\site-packages\pip\_vendor\requests\exceptions.py","4576",".py"
".venv\Lib\site-packages\pip\_vendor\requests\help.py","4114",".py"
".venv\Lib\site-packages\pip\_vendor\requests\hooks.py","1138",".py"
".venv\Lib\site-packages\pip\_vendor\requests\LICENSE","10142",""
".venv\Lib\site-packages\pip\_vendor\requests\models.py","41848",".py"
".venv\Lib\site-packages\pip\_vendor\requests\packages.py","1057",".py"
".venv\Lib\site-packages\pip\_vendor\requests\py.typed","0",".typed"
".venv\Lib\site-packages\pip\_vendor\requests\sessions.py","34248",".py"
".venv\Lib\site-packages\pip\_vendor\requests\status_codes.py","4351",".py"
".venv\Lib\site-packages\pip\_vendor\requests\structures.py","4134",".py"
".venv\Lib\site-packages\pip\_vendor\requests\utils.py","36334",".py"
".venv\Lib\site-packages\pip\_vendor\requests\_internal_utils.py","1542",".py"
".venv\Lib\site-packages\pip\_vendor\requests\_types.py","5838",".py"
".venv\Lib\site-packages\pip\_vendor\requests\__init__.py","5873",".py"
".venv\Lib\site-packages\pip\_vendor\requests\__version__.py","435",".py"
".venv\Lib\site-packages\pip\_vendor\requests\__pycache__\adapters.cpython-313.pyc","28832",".pyc"
".venv\Lib\site-packages\pip\_vendor\requests\__pycache__\api.cpython-313.pyc","7776",".pyc"
".venv\Lib\site-packages\pip\_vendor\requests\__pycache__\auth.cpython-313.pyc","16086",".pyc"
".venv\Lib\site-packages\pip\_vendor\requests\__pycache__\certs.cpython-313.pyc","705",".pyc"
".venv\Lib\site-packages\pip\_vendor\requests\__pycache__\compat.cpython-313.pyc","2076",".pyc"
".venv\Lib\site-packages\pip\_vendor\requests\__pycache__\cookies.cpython-313.pyc","28330",".pyc"
".venv\Lib\site-packages\pip\_vendor\requests\__pycache__\exceptions.cpython-313.pyc","8430",".pyc"
".venv\Lib\site-packages\pip\_vendor\requests\__pycache__\help.cpython-313.pyc","4279",".pyc"
".venv\Lib\site-packages\pip\_vendor\requests\__pycache__\hooks.cpython-313.pyc","1667",".pyc"
".venv\Lib\site-packages\pip\_vendor\requests\__pycache__\models.cpython-313.pyc","42354",".pyc"
".venv\Lib\site-packages\pip\_vendor\requests\__pycache__\packages.cpython-313.pyc","1339",".pyc"
".venv\Lib\site-packages\pip\_vendor\requests\__pycache__\sessions.cpython-313.pyc","31601",".pyc"
".venv\Lib\site-packages\pip\_vendor\requests\__pycache__\status_codes.cpython-313.pyc","6188",".pyc"
".venv\Lib\site-packages\pip\_vendor\requests\__pycache__\structures.cpython-313.pyc","7348",".pyc"
".venv\Lib\site-packages\pip\_vendor\requests\__pycache__\utils.cpython-313.pyc","40345",".pyc"
".venv\Lib\site-packages\pip\_vendor\requests\__pycache__\_internal_utils.cpython-313.pyc","2151",".pyc"
".venv\Lib\site-packages\pip\_vendor\requests\__pycache__\_types.cpython-313.pyc","7460",".pyc"
".venv\Lib\site-packages\pip\_vendor\requests\__pycache__\__init__.cpython-313.pyc","5665",".pyc"
".venv\Lib\site-packages\pip\_vendor\requests\__pycache__\__version__.cpython-313.pyc","609",".pyc"
".venv\Lib\site-packages\pip\_vendor\resolvelib\LICENSE","751",""
".venv\Lib\site-packages\pip\_vendor\resolvelib\providers.py","8914",".py"
".venv\Lib\site-packages\pip\_vendor\resolvelib\py.typed","0",".typed"
".venv\Lib\site-packages\pip\_vendor\resolvelib\reporters.py","2037",".py"
".venv\Lib\site-packages\pip\_vendor\resolvelib\structs.py","6420",".py"
".venv\Lib\site-packages\pip\_vendor\resolvelib\__init__.py","541",".py"
".venv\Lib\site-packages\pip\_vendor\resolvelib\resolvers\abstract.py","1543",".py"
".venv\Lib\site-packages\pip\_vendor\resolvelib\resolvers\criterion.py","1768",".py"
".venv\Lib\site-packages\pip\_vendor\resolvelib\resolvers\exceptions.py","1768",".py"
".venv\Lib\site-packages\pip\_vendor\resolvelib\resolvers\resolution.py","24212",".py"
".venv\Lib\site-packages\pip\_vendor\resolvelib\resolvers\__init__.py","640",".py"
".venv\Lib\site-packages\pip\_vendor\resolvelib\resolvers\__pycache__\abstract.cpython-313.pyc","2504",".pyc"
".venv\Lib\site-packages\pip\_vendor\resolvelib\resolvers\__pycache__\criterion.cpython-313.pyc","3322",".pyc"
".venv\Lib\site-packages\pip\_vendor\resolvelib\resolvers\__pycache__\exceptions.cpython-313.pyc","4316",".pyc"
".venv\Lib\site-packages\pip\_vendor\resolvelib\resolvers\__pycache__\resolution.cpython-313.pyc","25132",".pyc"
".venv\Lib\site-packages\pip\_vendor\resolvelib\resolvers\__pycache__\__init__.cpython-313.pyc","764",".pyc"
".venv\Lib\site-packages\pip\_vendor\resolvelib\__pycache__\providers.cpython-313.pyc","9385",".pyc"
".venv\Lib\site-packages\pip\_vendor\resolvelib\__pycache__\reporters.cpython-313.pyc","3294",".pyc"
".venv\Lib\site-packages\pip\_vendor\resolvelib\__pycache__\structs.cpython-313.pyc","12784",".pyc"
".venv\Lib\site-packages\pip\_vendor\resolvelib\__pycache__\__init__.cpython-313.pyc","659",".pyc"
".venv\Lib\site-packages\pip\_vendor\rich\abc.py","890",".py"
".venv\Lib\site-packages\pip\_vendor\rich\align.py","10324",".py"
".venv\Lib\site-packages\pip\_vendor\rich\ansi.py","6921",".py"
".venv\Lib\site-packages\pip\_vendor\rich\bar.py","3263",".py"
".venv\Lib\site-packages\pip\_vendor\rich\box.py","10686",".py"
".venv\Lib\site-packages\pip\_vendor\rich\cells.py","5130",".py"
".venv\Lib\site-packages\pip\_vendor\rich\color.py","18211",".py"
".venv\Lib\site-packages\pip\_vendor\rich\color_triplet.py","1054",".py"
".venv\Lib\site-packages\pip\_vendor\rich\columns.py","7131",".py"
".venv\Lib\site-packages\pip\_vendor\rich\console.py","100849",".py"
".venv\Lib\site-packages\pip\_vendor\rich\constrain.py","1288",".py"
".venv\Lib\site-packages\pip\_vendor\rich\containers.py","5502",".py"
".venv\Lib\site-packages\pip\_vendor\rich\control.py","6487",".py"
".venv\Lib\site-packages\pip\_vendor\rich\default_styles.py","8257",".py"
".venv\Lib\site-packages\pip\_vendor\rich\diagnose.py","1025",".py"
".venv\Lib\site-packages\pip\_vendor\rich\emoji.py","2367",".py"
".venv\Lib\site-packages\pip\_vendor\rich\errors.py","642",".py"
".venv\Lib\site-packages\pip\_vendor\rich\filesize.py","2484",".py"
".venv\Lib\site-packages\pip\_vendor\rich\file_proxy.py","1683",".py"
".venv\Lib\site-packages\pip\_vendor\rich\highlighter.py","9586",".py"
".venv\Lib\site-packages\pip\_vendor\rich\json.py","5031",".py"
".venv\Lib\site-packages\pip\_vendor\rich\jupyter.py","3252",".py"
".venv\Lib\site-packages\pip\_vendor\rich\layout.py","14004",".py"
".venv\Lib\site-packages\pip\_vendor\rich\LICENSE","1056",""
".venv\Lib\site-packages\pip\_vendor\rich\live.py","15180",".py"
".venv\Lib\site-packages\pip\_vendor\rich\live_render.py","3521",".py"
".venv\Lib\site-packages\pip\_vendor\rich\logging.py","12468",".py"
".venv\Lib\site-packages\pip\_vendor\rich\markup.py","8451",".py"
".venv\Lib\site-packages\pip\_vendor\rich\measure.py","5305",".py"
".venv\Lib\site-packages\pip\_vendor\rich\padding.py","4908",".py"
".venv\Lib\site-packages\pip\_vendor\rich\pager.py","828",".py"
".venv\Lib\site-packages\pip\_vendor\rich\palette.py","3396",".py"
".venv\Lib\site-packages\pip\_vendor\rich\panel.py","11157",".py"
".venv\Lib\site-packages\pip\_vendor\rich\pretty.py","36391",".py"
".venv\Lib\site-packages\pip\_vendor\rich\progress.py","60408",".py"
".venv\Lib\site-packages\pip\_vendor\rich\progress_bar.py","8162",".py"
".venv\Lib\site-packages\pip\_vendor\rich\prompt.py","12447",".py"
".venv\Lib\site-packages\pip\_vendor\rich\protocol.py","1391",".py"
".venv\Lib\site-packages\pip\_vendor\rich\py.typed","0",".typed"
".venv\Lib\site-packages\pip\_vendor\rich\region.py","166",".py"
".venv\Lib\site-packages\pip\_vendor\rich\repr.py","4431",".py"
".venv\Lib\site-packages\pip\_vendor\rich\rule.py","4602",".py"
".venv\Lib\site-packages\pip\_vendor\rich\scope.py","2843",".py"
".venv\Lib\site-packages\pip\_vendor\rich\screen.py","1591",".py"
".venv\Lib\site-packages\pip\_vendor\rich\segment.py","24743",".py"
".venv\Lib\site-packages\pip\_vendor\rich\spinner.py","4214",".py"
".venv\Lib\site-packages\pip\_vendor\rich\status.py","4424",".py"
".venv\Lib\site-packages\pip\_vendor\rich\style.py","26990",".py"
".venv\Lib\site-packages\pip\_vendor\rich\styled.py","1258",".py"
".venv\Lib\site-packages\pip\_vendor\rich\syntax.py","36371",".py"
".venv\Lib\site-packages\pip\_vendor\rich\table.py","40049",".py"
".venv\Lib\site-packages\pip\_vendor\rich\terminal_theme.py","3370",".py"
".venv\Lib\site-packages\pip\_vendor\rich\text.py","47552",".py"
".venv\Lib\site-packages\pip\_vendor\rich\theme.py","3771",".py"
".venv\Lib\site-packages\pip\_vendor\rich\themes.py","102",".py"
".venv\Lib\site-packages\pip\_vendor\rich\traceback.py","35861",".py"
".venv\Lib\site-packages\pip\_vendor\rich\tree.py","9451",".py"
".venv\Lib\site-packages\pip\_vendor\rich\_cell_widths.py","10209",".py"
".venv\Lib\site-packages\pip\_vendor\rich\_emoji_codes.py","140235",".py"
".venv\Lib\site-packages\pip\_vendor\rich\_emoji_replace.py","1064",".py"
".venv\Lib\site-packages\pip\_vendor\rich\_export_format.py","2128",".py"
".venv\Lib\site-packages\pip\_vendor\rich\_extension.py","265",".py"
".venv\Lib\site-packages\pip\_vendor\rich\_fileno.py","799",".py"
".venv\Lib\site-packages\pip\_vendor\rich\_inspect.py","9656",".py"
".venv\Lib\site-packages\pip\_vendor\rich\_log_render.py","3225",".py"
".venv\Lib\site-packages\pip\_vendor\rich\_loop.py","1236",".py"
".venv\Lib\site-packages\pip\_vendor\rich\_null_file.py","1394",".py"
".venv\Lib\site-packages\pip\_vendor\rich\_palettes.py","7063",".py"
".venv\Lib\site-packages\pip\_vendor\rich\_pick.py","423",".py"
".venv\Lib\site-packages\pip\_vendor\rich\_ratio.py","5325",".py"
".venv\Lib\site-packages\pip\_vendor\rich\_spinners.py","19919",".py"
".venv\Lib\site-packages\pip\_vendor\rich\_stack.py","351",".py"
".venv\Lib\site-packages\pip\_vendor\rich\_timer.py","417",".py"
".venv\Lib\site-packages\pip\_vendor\rich\_win32_console.py","22755",".py"
".venv\Lib\site-packages\pip\_vendor\rich\_windows.py","1925",".py"
".venv\Lib\site-packages\pip\_vendor\rich\_windows_renderer.py","2783",".py"
".venv\Lib\site-packages\pip\_vendor\rich\_wrap.py","3404",".py"
".venv\Lib\site-packages\pip\_vendor\rich\__init__.py","6090",".py"
".venv\Lib\site-packages\pip\_vendor\rich\__main__.py","7896",".py"
".venv\Lib\site-packages\pip\_vendor\rich\__pycache__\abc.cpython-313.pyc","1713",".pyc"
".venv\Lib\site-packages\pip\_vendor\rich\__pycache__\align.cpython-313.pyc","12448",".pyc"
".venv\Lib\site-packages\pip\_vendor\rich\__pycache__\ansi.cpython-313.pyc","9285",".pyc"
".venv\Lib\site-packages\pip\_vendor\rich\__pycache__\bar.cpython-313.pyc","4358",".pyc"
".venv\Lib\site-packages\pip\_vendor\rich\__pycache__\box.cpython-313.pyc","11698",".pyc"
".venv\Lib\site-packages\pip\_vendor\rich\__pycache__\cells.cpython-313.pyc","5528",".pyc"
".venv\Lib\site-packages\pip\_vendor\rich\__pycache__\color.cpython-313.pyc","26555",".pyc"
".venv\Lib\site-packages\pip\_vendor\rich\__pycache__\color_triplet.cpython-313.pyc","1730",".pyc"
".venv\Lib\site-packages\pip\_vendor\rich\__pycache__\columns.cpython-313.pyc","8741",".pyc"
".venv\Lib\site-packages\pip\_vendor\rich\__pycache__\console.cpython-313.pyc","114248",".pyc"
".venv\Lib\site-packages\pip\_vendor\rich\__pycache__\constrain.cpython-313.pyc","2336",".pyc"
".venv\Lib\site-packages\pip\_vendor\rich\__pycache__\containers.cpython-313.pyc","9279",".pyc"
".venv\Lib\site-packages\pip\_vendor\rich\__pycache__\control.cpython-313.pyc","10791",".pyc"
".venv\Lib\site-packages\pip\_vendor\rich\__pycache__\default_styles.cpython-313.pyc","9720",".pyc"
".venv\Lib\site-packages\pip\_vendor\rich\__pycache__\diagnose.cpython-313.pyc","1552",".pyc"
".venv\Lib\site-packages\pip\_vendor\rich\__pycache__\emoji.cpython-313.pyc","4142",".pyc"
".venv\Lib\site-packages\pip\_vendor\rich\__pycache__\errors.cpython-313.pyc","2072",".pyc"
".venv\Lib\site-packages\pip\_vendor\rich\__pycache__\filesize.cpython-313.pyc","2982",".pyc"
".venv\Lib\site-packages\pip\_vendor\rich\__pycache__\file_proxy.cpython-313.pyc","3732",".pyc"
".venv\Lib\site-packages\pip\_vendor\rich\__pycache__\highlighter.cpython-313.pyc","10002",".pyc"
".venv\Lib\site-packages\pip\_vendor\rich\__pycache__\json.cpython-313.pyc","5943",".pyc"
".venv\Lib\site-packages\pip\_vendor\rich\__pycache__\jupyter.cpython-313.pyc","5415",".pyc"
".venv\Lib\site-packages\pip\_vendor\rich\__pycache__\layout.cpython-313.pyc","20198",".pyc"
".venv\Lib\site-packages\pip\_vendor\rich\__pycache__\live.cpython-313.pyc","20725",".pyc"
".venv\Lib\site-packages\pip\_vendor\rich\__pycache__\live_render.cpython-313.pyc","4748",".pyc"
".venv\Lib\site-packages\pip\_vendor\rich\__pycache__\logging.cpython-313.pyc","14054",".pyc"
".venv\Lib\site-packages\pip\_vendor\rich\__pycache__\markup.cpython-313.pyc","9746",".pyc"
".venv\Lib\site-packages\pip\_vendor\rich\__pycache__\measure.cpython-313.pyc","6223",".pyc"
".venv\Lib\site-packages\pip\_vendor\rich\__pycache__\padding.cpython-313.pyc","6970",".pyc"
".venv\Lib\site-packages\pip\_vendor\rich\__pycache__\pager.cpython-313.pyc","1910",".pyc"
".venv\Lib\site-packages\pip\_vendor\rich\__pycache__\palette.cpython-313.pyc","5337",".pyc"
".venv\Lib\site-packages\pip\_vendor\rich\__pycache__\panel.cpython-313.pyc","12730",".pyc"
".venv\Lib\site-packages\pip\_vendor\rich\__pycache__\pretty.cpython-313.pyc","41309",".pyc"
".venv\Lib\site-packages\pip\_vendor\rich\__pycache__\progress.cpython-313.pyc","74713",".pyc"
".venv\Lib\site-packages\pip\_vendor\rich\__pycache__\progress_bar.cpython-313.pyc","10474",".pyc"
".venv\Lib\site-packages\pip\_vendor\rich\__pycache__\prompt.cpython-313.pyc","15833",".pyc"
".venv\Lib\site-packages\pip\_vendor\rich\__pycache__\protocol.cpython-313.pyc","1893",".pyc"
".venv\Lib\site-packages\pip\_vendor\rich\__pycache__\region.cpython-313.pyc","650",".pyc"
".venv\Lib\site-packages\pip\_vendor\rich\__pycache__\repr.cpython-313.pyc","6770",".pyc"
".venv\Lib\site-packages\pip\_vendor\rich\__pycache__\rule.cpython-313.pyc","6644",".pyc"
".venv\Lib\site-packages\pip\_vendor\rich\__pycache__\scope.cpython-313.pyc","3819",".pyc"
".venv\Lib\site-packages\pip\_vendor\rich\__pycache__\screen.cpython-313.pyc","2575",".pyc"
".venv\Lib\site-packages\pip\_vendor\rich\__pycache__\segment.cpython-313.pyc","28301",".pyc"
".venv\Lib\site-packages\pip\_vendor\rich\__pycache__\spinner.cpython-313.pyc","6025",".pyc"
".venv\Lib\site-packages\pip\_vendor\rich\__pycache__\status.cpython-313.pyc","6051",".pyc"
".venv\Lib\site-packages\pip\_vendor\rich\__pycache__\style.cpython-313.pyc","34368",".pyc"
".venv\Lib\site-packages\pip\_vendor\rich\__pycache__\styled.cpython-313.pyc","2212",".pyc"
".venv\Lib\site-packages\pip\_vendor\rich\__pycache__\syntax.cpython-313.pyc","40673",".pyc"
".venv\Lib\site-packages\pip\_vendor\rich\__pycache__\table.cpython-313.pyc","44359",".pyc"
".venv\Lib\site-packages\pip\_vendor\rich\__pycache__\terminal_theme.cpython-313.pyc","3431",".pyc"
".venv\Lib\site-packages\pip\_vendor\rich\__pycache__\text.cpython-313.pyc","60310",".pyc"
".venv\Lib\site-packages\pip\_vendor\rich\__pycache__\theme.cpython-313.pyc","6347",".pyc"
".venv\Lib\site-packages\pip\_vendor\rich\__pycache__\themes.cpython-313.pyc","339",".pyc"
".venv\Lib\site-packages\pip\_vendor\rich\__pycache__\traceback.cpython-313.pyc","36588",".pyc"
".venv\Lib\site-packages\pip\_vendor\rich\__pycache__\tree.cpython-313.pyc","11944",".pyc"
".venv\Lib\site-packages\pip\_vendor\rich\__pycache__\_cell_widths.cpython-313.pyc","7897",".pyc"
".venv\Lib\site-packages\pip\_vendor\rich\__pycache__\_emoji_codes.cpython-313.pyc","206001",".pyc"
".venv\Lib\site-packages\pip\_vendor\rich\__pycache__\_emoji_replace.cpython-313.pyc","1769",".pyc"
".venv\Lib\site-packages\pip\_vendor\rich\__pycache__\_export_format.cpython-313.pyc","2374",".pyc"
".venv\Lib\site-packages\pip\_vendor\rich\__pycache__\_extension.cpython-313.pyc","564",".pyc"
".venv\Lib\site-packages\pip\_vendor\rich\__pycache__\_fileno.cpython-313.pyc","866",".pyc"
".venv\Lib\site-packages\pip\_vendor\rich\__pycache__\_inspect.cpython-313.pyc","12321",".pyc"
".venv\Lib\site-packages\pip\_vendor\rich\__pycache__\_log_render.cpython-313.pyc","4350",".pyc"
".venv\Lib\site-packages\pip\_vendor\rich\__pycache__\_loop.cpython-313.pyc","1925",".pyc"
".venv\Lib\site-packages\pip\_vendor\rich\__pycache__\_null_file.cpython-313.pyc","3760",".pyc"
".venv\Lib\site-packages\pip\_vendor\rich\__pycache__\_palettes.cpython-313.pyc","5185",".pyc"
".venv\Lib\site-packages\pip\_vendor\rich\__pycache__\_pick.cpython-313.pyc","744",".pyc"
".venv\Lib\site-packages\pip\_vendor\rich\__pycache__\_ratio.cpython-313.pyc","6476",".pyc"
".venv\Lib\site-packages\pip\_vendor\rich\__pycache__\_spinners.cpython-313.pyc","13204",".pyc"
".venv\Lib\site-packages\pip\_vendor\rich\__pycache__\_stack.cpython-313.pyc","1052",".pyc"
".venv\Lib\site-packages\pip\_vendor\rich\__pycache__\_timer.cpython-313.pyc","893",".pyc"
".venv\Lib\site-packages\pip\_vendor\rich\__pycache__\_win32_console.cpython-313.pyc","28364",".pyc"
".venv\Lib\site-packages\pip\_vendor\rich\__pycache__\_windows.cpython-313.pyc","2591",".pyc"
".venv\Lib\site-packages\pip\_vendor\rich\__pycache__\_windows_renderer.cpython-313.pyc","3638",".pyc"
".venv\Lib\site-packages\pip\_vendor\rich\__pycache__\_wrap.cpython-313.pyc","3350",".pyc"
".venv\Lib\site-packages\pip\_vendor\rich\__pycache__\__init__.cpython-313.pyc","6899",".pyc"
".venv\Lib\site-packages\pip\_vendor\rich\__pycache__\__main__.cpython-313.pyc","9488",".pyc"
".venv\Lib\site-packages\pip\_vendor\tomli\LICENSE","1072",""
".venv\Lib\site-packages\pip\_vendor\tomli\py.typed","26",".typed"
".venv\Lib\site-packages\pip\_vendor\tomli\_parser.py","26440",".py"
".venv\Lib\site-packages\pip\_vendor\tomli\_re.py","3396",".py"
".venv\Lib\site-packages\pip\_vendor\tomli\_types.py","254",".py"
".venv\Lib\site-packages\pip\_vendor\tomli\__init__.py","314",".py"
".venv\Lib\site-packages\pip\_vendor\tomli\__pycache__\_parser.cpython-313.pyc","30093",".pyc"
".venv\Lib\site-packages\pip\_vendor\tomli\__pycache__\_re.cpython-313.pyc","4307",".pyc"
".venv\Lib\site-packages\pip\_vendor\tomli\__pycache__\_types.cpython-313.pyc","391",".pyc"
".venv\Lib\site-packages\pip\_vendor\tomli\__pycache__\__init__.cpython-313.pyc","363",".pyc"
".venv\Lib\site-packages\pip\_vendor\tomli_w\LICENSE","1072",""
".venv\Lib\site-packages\pip\_vendor\tomli_w\py.typed","26",".typed"
".venv\Lib\site-packages\pip\_vendor\tomli_w\_writer.py","6961",".py"
".venv\Lib\site-packages\pip\_vendor\tomli_w\__init__.py","169",".py"
".venv\Lib\site-packages\pip\_vendor\tomli_w\__pycache__\_writer.cpython-313.pyc","10809",".pyc"
".venv\Lib\site-packages\pip\_vendor\tomli_w\__pycache__\__init__.cpython-313.pyc","352",".pyc"
".venv\Lib\site-packages\pip\_vendor\truststore\LICENSE","1086",""
".venv\Lib\site-packages\pip\_vendor\truststore\py.typed","0",".typed"
".venv\Lib\site-packages\pip\_vendor\truststore\_api.py","11413",".py"
".venv\Lib\site-packages\pip\_vendor\truststore\_macos.py","20503",".py"
".venv\Lib\site-packages\pip\_vendor\truststore\_openssl.py","2412",".py"
".venv\Lib\site-packages\pip\_vendor\truststore\_ssl_constants.py","1130",".py"
".venv\Lib\site-packages\pip\_vendor\truststore\_windows.py","17993",".py"
".venv\Lib\site-packages\pip\_vendor\truststore\__init__.py","1320",".py"
".venv\Lib\site-packages\pip\_vendor\truststore\__pycache__\_api.cpython-313.pyc","17579",".pyc"
".venv\Lib\site-packages\pip\_vendor\truststore\__pycache__\_macos.cpython-313.pyc","19326",".pyc"
".venv\Lib\site-packages\pip\_vendor\truststore\__pycache__\_openssl.cpython-313.pyc","2364",".pyc"
".venv\Lib\site-packages\pip\_vendor\truststore\__pycache__\_ssl_constants.cpython-313.pyc","1124",".pyc"
".venv\Lib\site-packages\pip\_vendor\truststore\__pycache__\_windows.cpython-313.pyc","16270",".pyc"
".venv\Lib\site-packages\pip\_vendor\truststore\__pycache__\__init__.cpython-313.pyc","1513",".pyc"
".venv\Lib\site-packages\pip\_vendor\urllib3\connection.py","42786",".py"
".venv\Lib\site-packages\pip\_vendor\urllib3\connectionpool.py","44164",".py"
".venv\Lib\site-packages\pip\_vendor\urllib3\exceptions.py","9945",".py"
".venv\Lib\site-packages\pip\_vendor\urllib3\fields.py","10801",".py"
".venv\Lib\site-packages\pip\_vendor\urllib3\filepost.py","2388",".py"
".venv\Lib\site-packages\pip\_vendor\urllib3\LICENSE.txt","1093",".txt"
".venv\Lib\site-packages\pip\_vendor\urllib3\poolmanager.py","23929",".py"
".venv\Lib\site-packages\pip\_vendor\urllib3\py.typed","93",".typed"
".venv\Lib\site-packages\pip\_vendor\urllib3\response.py","53031",".py"
".venv\Lib\site-packages\pip\_vendor\urllib3\_base_connection.py","5580",".py"
".venv\Lib\site-packages\pip\_vendor\urllib3\_collections.py","17522",".py"
".venv\Lib\site-packages\pip\_vendor\urllib3\_request_methods.py","9931",".py"
".venv\Lib\site-packages\pip\_vendor\urllib3\_version.py","520",".py"
".venv\Lib\site-packages\pip\_vendor\urllib3\__init__.py","6979",".py"
".venv\Lib\site-packages\pip\_vendor\urllib3\contrib\pyopenssl.py","19760",".py"
".venv\Lib\site-packages\pip\_vendor\urllib3\contrib\socks.py","7639",".py"
".venv\Lib\site-packages\pip\_vendor\urllib3\contrib\__init__.py","0",".py"
".venv\Lib\site-packages\pip\_vendor\urllib3\contrib\emscripten\connection.py","8960",".py"
".venv\Lib\site-packages\pip\_vendor\urllib3\contrib\emscripten\emscripten_fetch_worker.js","3677",".js"
".venv\Lib\site-packages\pip\_vendor\urllib3\contrib\emscripten\fetch.py","23520",".py"
".venv\Lib\site-packages\pip\_vendor\urllib3\contrib\emscripten\request.py","566",".py"
".venv\Lib\site-packages\pip\_vendor\urllib3\contrib\emscripten\response.py","9719",".py"
".venv\Lib\site-packages\pip\_vendor\urllib3\contrib\emscripten\__init__.py","870",".py"
".venv\Lib\site-packages\pip\_vendor\urllib3\contrib\emscripten\__pycache__\connection.cpython-313.pyc","10690",".pyc"
".venv\Lib\site-packages\pip\_vendor\urllib3\contrib\emscripten\__pycache__\fetch.cpython-313.pyc","29201",".pyc"
".venv\Lib\site-packages\pip\_vendor\urllib3\contrib\emscripten\__pycache__\request.cpython-313.pyc","1499",".pyc"
".venv\Lib\site-packages\pip\_vendor\urllib3\contrib\emscripten\__pycache__\response.cpython-313.pyc","12546",".pyc"
".venv\Lib\site-packages\pip\_vendor\urllib3\contrib\emscripten\__pycache__\__init__.cpython-313.pyc","1002",".pyc"
".venv\Lib\site-packages\pip\_vendor\urllib3\contrib\__pycache__\pyopenssl.cpython-313.pyc","28645",".pyc"
".venv\Lib\site-packages\pip\_vendor\urllib3\contrib\__pycache__\socks.cpython-313.pyc","8442",".pyc"
".venv\Lib\site-packages\pip\_vendor\urllib3\contrib\__pycache__\__init__.cpython-313.pyc","223",".pyc"
".venv\Lib\site-packages\pip\_vendor\urllib3\http2\connection.py","12578",".py"
".venv\Lib\site-packages\pip\_vendor\urllib3\http2\probe.py","3014",".py"
".venv\Lib\site-packages\pip\_vendor\urllib3\http2\__init__.py","1741",".py"
".venv\Lib\site-packages\pip\_vendor\urllib3\http2\__pycache__\connection.cpython-313.pyc","17462",".pyc"
".venv\Lib\site-packages\pip\_vendor\urllib3\http2\__pycache__\probe.cpython-313.pyc","3820",".pyc"
".venv\Lib\site-packages\pip\_vendor\urllib3\http2\__pycache__\__init__.cpython-313.pyc","1785",".pyc"
".venv\Lib\site-packages\pip\_vendor\urllib3\util\connection.py","4444",".py"
".venv\Lib\site-packages\pip\_vendor\urllib3\util\proxy.py","1148",".py"
".venv\Lib\site-packages\pip\_vendor\urllib3\util\request.py","8086",".py"
".venv\Lib\site-packages\pip\_vendor\urllib3\util\response.py","3374",".py"
".venv\Lib\site-packages\pip\_vendor\urllib3\util\retry.py","19577",".py"
".venv\Lib\site-packages\pip\_vendor\urllib3\util\ssltransport.py","8847",".py"
".venv\Lib\site-packages\pip\_vendor\urllib3\util\ssl_.py","17742",".py"
".venv\Lib\site-packages\pip\_vendor\urllib3\util\ssl_match_hostname.py","5479",".py"
".venv\Lib\site-packages\pip\_vendor\urllib3\util\timeout.py","10363",".py"
".venv\Lib\site-packages\pip\_vendor\urllib3\util\url.py","15256",".py"
".venv\Lib\site-packages\pip\_vendor\urllib3\util\util.py","1146",".py"
".venv\Lib\site-packages\pip\_vendor\urllib3\util\wait.py","4423",".py"
".venv\Lib\site-packages\pip\_vendor\urllib3\util\__init__.py","1001",".py"
".venv\Lib\site-packages\pip\_vendor\urllib3\util\__pycache__\connection.cpython-313.pyc","4766",".pyc"
".venv\Lib\site-packages\pip\_vendor\urllib3\util\__pycache__\proxy.cpython-313.pyc","1256",".pyc"
".venv\Lib\site-packages\pip\_vendor\urllib3\util\__pycache__\request.cpython-313.pyc","8224",".pyc"
".venv\Lib\site-packages\pip\_vendor\urllib3\util\__pycache__\response.cpython-313.pyc","2935",".pyc"
".venv\Lib\site-packages\pip\_vendor\urllib3\util\__pycache__\retry.cpython-313.pyc","21144",".pyc"
".venv\Lib\site-packages\pip\_vendor\urllib3\util\__pycache__\ssltransport.cpython-313.pyc","13477",".pyc"
".venv\Lib\site-packages\pip\_vendor\urllib3\util\__pycache__\ssl_.cpython-313.pyc","15739",".pyc"
".venv\Lib\site-packages\pip\_vendor\urllib3\util\__pycache__\ssl_match_hostname.cpython-313.pyc","5606",".pyc"
".venv\Lib\site-packages\pip\_vendor\urllib3\util\__pycache__\timeout.cpython-313.pyc","11346",".pyc"
".venv\Lib\site-packages\pip\_vendor\urllib3\util\__pycache__\url.cpython-313.pyc","16379",".pyc"
".venv\Lib\site-packages\pip\_vendor\urllib3\util\__pycache__\util.cpython-313.pyc","2159",".pyc"
".venv\Lib\site-packages\pip\_vendor\urllib3\util\__pycache__\wait.cpython-313.pyc","3583",".pyc"
".venv\Lib\site-packages\pip\_vendor\urllib3\util\__pycache__\__init__.cpython-313.pyc","1036",".pyc"
".venv\Lib\site-packages\pip\_vendor\urllib3\__pycache__\connection.cpython-313.pyc","39334",".pyc"
".venv\Lib\site-packages\pip\_vendor\urllib3\__pycache__\connectionpool.cpython-313.pyc","39551",".pyc"
".venv\Lib\site-packages\pip\_vendor\urllib3\__pycache__\exceptions.cpython-313.pyc","17447",".pyc"
".venv\Lib\site-packages\pip\_vendor\urllib3\__pycache__\fields.cpython-313.pyc","11628",".pyc"
".venv\Lib\site-packages\pip\_vendor\urllib3\__pycache__\filepost.cpython-313.pyc","3528",".pyc"
".venv\Lib\site-packages\pip\_vendor\urllib3\__pycache__\poolmanager.cpython-313.pyc","24066",".pyc"
".venv\Lib\site-packages\pip\_vendor\urllib3\__pycache__\response.cpython-313.pyc","58777",".pyc"
".venv\Lib\site-packages\pip\_vendor\urllib3\__pycache__\_base_connection.cpython-313.pyc","7011",".pyc"
".venv\Lib\site-packages\pip\_vendor\urllib3\__pycache__\_collections.cpython-313.pyc","23011",".pyc"
".venv\Lib\site-packages\pip\_vendor\urllib3\__pycache__\_request_methods.cpython-313.pyc","9993",".pyc"
".venv\Lib\site-packages\pip\_vendor\urllib3\__pycache__\_version.cpython-313.pyc","669",".pyc"
".venv\Lib\site-packages\pip\_vendor\urllib3\__pycache__\__init__.cpython-313.pyc","7156",".pyc"
".venv\Lib\site-packages\pip\_vendor\__pycache__\__init__.cpython-313.pyc","4619",".pyc"
".venv\Lib\site-packages\pip\__pycache__\__init__.cpython-313.pyc","670",".pyc"
".venv\Lib\site-packages\pip\__pycache__\__main__.cpython-313.pyc","913",".pyc"
".venv\Lib\site-packages\pip\__pycache__\__pip-runner__.cpython-313.pyc","2305",".pyc"
".venv\Lib\site-packages\pip-26.2.1.dist-info\entry_points.txt","84",".txt"
".venv\Lib\site-packages\pip-26.2.1.dist-info\INSTALLER","4",""
".venv\Lib\site-packages\pip-26.2.1.dist-info\METADATA","4617",""
".venv\Lib\site-packages\pip-26.2.1.dist-info\RECORD","68999",""
".venv\Lib\site-packages\pip-26.2.1.dist-info\REQUESTED","0",""
".venv\Lib\site-packages\pip-26.2.1.dist-info\WHEEL","82",""
".venv\Lib\site-packages\pip-26.2.1.dist-info\licenses\AUTHORS.txt","12139",".txt"
".venv\Lib\site-packages\pip-26.2.1.dist-info\licenses\LICENSE.txt","1093",".txt"
".venv\Lib\site-packages\pip-26.2.1.dist-info\licenses\src\pip\_vendor\cachecontrol\LICENSE.txt","558",".txt"
".venv\Lib\site-packages\pip-26.2.1.dist-info\licenses\src\pip\_vendor\certifi\LICENSE","989",""
".venv\Lib\site-packages\pip-26.2.1.dist-info\licenses\src\pip\_vendor\distlib\LICENSE.txt","14531",".txt"
".venv\Lib\site-packages\pip-26.2.1.dist-info\licenses\src\pip\_vendor\distro\LICENSE","11325",""
".venv\Lib\site-packages\pip-26.2.1.dist-info\licenses\src\pip\_vendor\idna\LICENSE.md","1541",".md"
".venv\Lib\site-packages\pip-26.2.1.dist-info\licenses\src\pip\_vendor\msgpack\COPYING","614",""
".venv\Lib\site-packages\pip-26.2.1.dist-info\licenses\src\pip\_vendor\packaging\LICENSE","197",""
".venv\Lib\site-packages\pip-26.2.1.dist-info\licenses\src\pip\_vendor\packaging\LICENSE.APACHE","10174",".APACHE"
".venv\Lib\site-packages\pip-26.2.1.dist-info\licenses\src\pip\_vendor\packaging\LICENSE.BSD","1344",".BSD"
".venv\Lib\site-packages\pip-26.2.1.dist-info\licenses\src\pip\_vendor\pkg_resources\LICENSE","1023",""
".venv\Lib\site-packages\pip-26.2.1.dist-info\licenses\src\pip\_vendor\platformdirs\LICENSE","1089",""
".venv\Lib\site-packages\pip-26.2.1.dist-info\licenses\src\pip\_vendor\pygments\LICENSE","1331",""
".venv\Lib\site-packages\pip-26.2.1.dist-info\licenses\src\pip\_vendor\pyproject_hooks\LICENSE","1081",""
".venv\Lib\site-packages\pip-26.2.1.dist-info\licenses\src\pip\_vendor\requests\LICENSE","10142",""
".venv\Lib\site-packages\pip-26.2.1.dist-info\licenses\src\pip\_vendor\resolvelib\LICENSE","751",""
".venv\Lib\site-packages\pip-26.2.1.dist-info\licenses\src\pip\_vendor\rich\LICENSE","1056",""
".venv\Lib\site-packages\pip-26.2.1.dist-info\licenses\src\pip\_vendor\tomli\LICENSE","1072",""
".venv\Lib\site-packages\pip-26.2.1.dist-info\licenses\src\pip\_vendor\tomli_w\LICENSE","1072",""
".venv\Lib\site-packages\pip-26.2.1.dist-info\licenses\src\pip\_vendor\truststore\LICENSE","1086",""
".venv\Lib\site-packages\pip-26.2.1.dist-info\licenses\src\pip\_vendor\urllib3\LICENSE.txt","1093",".txt"
".venv\Lib\site-packages\python_dotenv-1.2.3.dist-info\entry_points.txt","47",".txt"
".venv\Lib\site-packages\python_dotenv-1.2.3.dist-info\INSTALLER","4",""
".venv\Lib\site-packages\python_dotenv-1.2.3.dist-info\METADATA","29008",""
".venv\Lib\site-packages\python_dotenv-1.2.3.dist-info\RECORD","1833",""
".venv\Lib\site-packages\python_dotenv-1.2.3.dist-info\REQUESTED","0",""
".venv\Lib\site-packages\python_dotenv-1.2.3.dist-info\top_level.txt","7",".txt"
".venv\Lib\site-packages\python_dotenv-1.2.3.dist-info\WHEEL","91",""
".venv\Lib\site-packages\python_dotenv-1.2.3.dist-info\licenses\LICENSE","1556",""
".venv\Lib\site-packages\requests\adapters.py","28064",".py"
".venv\Lib\site-packages\requests\api.py","7152",".py"
".venv\Lib\site-packages\requests\auth.py","12233",".py"
".venv\Lib\site-packages\requests\certs.py","430",".py"
".venv\Lib\site-packages\requests\compat.py","2465",".py"
".venv\Lib\site-packages\requests\cookies.py","21549",".py"
".venv\Lib\site-packages\requests\exceptions.py","4564",".py"
".venv\Lib\site-packages\requests\help.py","4210",".py"
".venv\Lib\site-packages\requests\hooks.py","1138",".py"
".venv\Lib\site-packages\requests\models.py","41783",".py"
".venv\Lib\site-packages\requests\packages.py","904",".py"
".venv\Lib\site-packages\requests\py.typed","0",".typed"
".venv\Lib\site-packages\requests\sessions.py","34248",".py"
".venv\Lib\site-packages\requests\status_codes.py","4351",".py"
".venv\Lib\site-packages\requests\structures.py","4134",".py"
".venv\Lib\site-packages\requests\utils.py","36322",".py"
".venv\Lib\site-packages\requests\_internal_utils.py","1542",".py"
".venv\Lib\site-packages\requests\_types.py","5838",".py"
".venv\Lib\site-packages\requests\__init__.py","5922",".py"
".venv\Lib\site-packages\requests\__version__.py","435",".py"
".venv\Lib\site-packages\requests\__pycache__\adapters.cpython-313.pyc","28747",".pyc"
".venv\Lib\site-packages\requests\__pycache__\api.cpython-313.pyc","7764",".pyc"
".venv\Lib\site-packages\requests\__pycache__\auth.cpython-313.pyc","16074",".pyc"
".venv\Lib\site-packages\requests\__pycache__\certs.cpython-313.pyc","681",".pyc"
".venv\Lib\site-packages\requests\__pycache__\compat.cpython-313.pyc","2534",".pyc"
".venv\Lib\site-packages\requests\__pycache__\cookies.cpython-313.pyc","28318",".pyc"
".venv\Lib\site-packages\requests\__pycache__\exceptions.cpython-313.pyc","8406",".pyc"
".venv\Lib\site-packages\requests\__pycache__\help.cpython-313.pyc","4370",".pyc"
".venv\Lib\site-packages\requests\__pycache__\hooks.cpython-313.pyc","1655",".pyc"
".venv\Lib\site-packages\requests\__pycache__\models.cpython-313.pyc","42269",".pyc"
".venv\Lib\site-packages\requests\__pycache__\packages.cpython-313.pyc","1179",".pyc"
".venv\Lib\site-packages\requests\__pycache__\sessions.cpython-313.pyc","31589",".pyc"
".venv\Lib\site-packages\requests\__pycache__\status_codes.cpython-313.pyc","6176",".pyc"
".venv\Lib\site-packages\requests\__pycache__\structures.cpython-313.pyc","7336",".pyc"
".venv\Lib\site-packages\requests\__pycache__\utils.cpython-313.pyc","40321",".pyc"
".venv\Lib\site-packages\requests\__pycache__\_internal_utils.cpython-313.pyc","2139",".pyc"
".venv\Lib\site-packages\requests\__pycache__\_types.cpython-313.pyc","7448",".pyc"
".venv\Lib\site-packages\requests\__pycache__\__init__.cpython-313.pyc","5811",".pyc"
".venv\Lib\site-packages\requests\__pycache__\__version__.cpython-313.pyc","597",".pyc"
".venv\Lib\site-packages\requests-2.34.2.dist-info\INSTALLER","4",""
".venv\Lib\site-packages\requests-2.34.2.dist-info\METADATA","4806",""
".venv\Lib\site-packages\requests-2.34.2.dist-info\RECORD","3153",""
".venv\Lib\site-packages\requests-2.34.2.dist-info\REQUESTED","0",""
".venv\Lib\site-packages\requests-2.34.2.dist-info\top_level.txt","9",".txt"
".venv\Lib\site-packages\requests-2.34.2.dist-info\WHEEL","91",""
".venv\Lib\site-packages\requests-2.34.2.dist-info\licenses\LICENSE","10142",""
".venv\Lib\site-packages\requests-2.34.2.dist-info\licenses\NOTICE","38",""
".venv\Lib\site-packages\tenacity\after.py","1642",".py"
".venv\Lib\site-packages\tenacity\before.py","1529",".py"
".venv\Lib\site-packages\tenacity\before_sleep.py","2390",".py"
".venv\Lib\site-packages\tenacity\nap.py","1383",".py"
".venv\Lib\site-packages\tenacity\py.typed","0",".typed"
".venv\Lib\site-packages\tenacity\retry.py","9034",".py"
".venv\Lib\site-packages\tenacity\stop.py","4113",".py"
".venv\Lib\site-packages\tenacity\tornadoweb.py","2138",".py"
".venv\Lib\site-packages\tenacity\wait.py","9413",".py"
".venv\Lib\site-packages\tenacity\_utils.py","3211",".py"
".venv\Lib\site-packages\tenacity\__init__.py","25293",".py"
".venv\Lib\site-packages\tenacity\asyncio\retry.py","4244",".py"
".venv\Lib\site-packages\tenacity\asyncio\__init__.py","7941",".py"
".venv\Lib\site-packages\tenacity\asyncio\__pycache__\retry.cpython-313.pyc","6073",".pyc"
".venv\Lib\site-packages\tenacity\asyncio\__pycache__\__init__.cpython-313.pyc","9995",".pyc"
".venv\Lib\site-packages\tenacity\__pycache__\after.cpython-313.pyc","1661",".pyc"
".venv\Lib\site-packages\tenacity\__pycache__\before.cpython-313.pyc","1501",".pyc"
".venv\Lib\site-packages\tenacity\__pycache__\before_sleep.cpython-313.pyc","2424",".pyc"
".venv\Lib\site-packages\tenacity\__pycache__\nap.cpython-313.pyc","1479",".pyc"
".venv\Lib\site-packages\tenacity\__pycache__\retry.cpython-313.pyc","15400",".pyc"
".venv\Lib\site-packages\tenacity\__pycache__\stop.cpython-313.pyc","7117",".pyc"
".venv\Lib\site-packages\tenacity\__pycache__\tornadoweb.cpython-313.pyc","2684",".pyc"
".venv\Lib\site-packages\tenacity\__pycache__\wait.cpython-313.pyc","14391",".pyc"
".venv\Lib\site-packages\tenacity\__pycache__\_utils.cpython-313.pyc","4597",".pyc"
".venv\Lib\site-packages\tenacity\__pycache__\__init__.cpython-313.pyc","36569",".pyc"
".venv\Lib\site-packages\tenacity-9.1.4.dist-info\INSTALLER","4",""
".venv\Lib\site-packages\tenacity-9.1.4.dist-info\METADATA","1174",""
".venv\Lib\site-packages\tenacity-9.1.4.dist-info\RECORD","2172",""
".venv\Lib\site-packages\tenacity-9.1.4.dist-info\REQUESTED","0",""
".venv\Lib\site-packages\tenacity-9.1.4.dist-info\top_level.txt","9",".txt"
".venv\Lib\site-packages\tenacity-9.1.4.dist-info\WHEEL","91",""
".venv\Lib\site-packages\tenacity-9.1.4.dist-info\licenses\LICENSE","11357",""
".venv\Lib\site-packages\urllib3\connection.py","47903",".py"
".venv\Lib\site-packages\urllib3\connectionpool.py","45250",".py"
".venv\Lib\site-packages\urllib3\exceptions.py","9945",".py"
".venv\Lib\site-packages\urllib3\fields.py","10801",".py"
".venv\Lib\site-packages\urllib3\filepost.py","2388",".py"
".venv\Lib\site-packages\urllib3\poolmanager.py","25026",".py"
".venv\Lib\site-packages\urllib3\py.typed","93",".typed"
".venv\Lib\site-packages\urllib3\response.py","54628",".py"
".venv\Lib\site-packages\urllib3\_base_connection.py","5580",".py"
".venv\Lib\site-packages\urllib3\_collections.py","17669",".py"
".venv\Lib\site-packages\urllib3\_request_methods.py","9931",".py"
".venv\Lib\site-packages\urllib3\_version.py","520",".py"
".venv\Lib\site-packages\urllib3\__init__.py","6979",".py"
".venv\Lib\site-packages\urllib3\contrib\pyopenssl.py","21494",".py"
".venv\Lib\site-packages\urllib3\contrib\socks.py","7566",".py"
".venv\Lib\site-packages\urllib3\contrib\__init__.py","0",".py"
".venv\Lib\site-packages\urllib3\contrib\emscripten\connection.py","8960",".py"
".venv\Lib\site-packages\urllib3\contrib\emscripten\emscripten_fetch_worker.js","3677",".js"
".venv\Lib\site-packages\urllib3\contrib\emscripten\fetch.py","23520",".py"
".venv\Lib\site-packages\urllib3\contrib\emscripten\request.py","566",".py"
".venv\Lib\site-packages\urllib3\contrib\emscripten\response.py","9719",".py"
".venv\Lib\site-packages\urllib3\contrib\emscripten\__init__.py","836",".py"
".venv\Lib\site-packages\urllib3\contrib\emscripten\__pycache__\connection.cpython-313.pyc","10678",".pyc"
".venv\Lib\site-packages\urllib3\contrib\emscripten\__pycache__\fetch.cpython-313.pyc","29189",".pyc"
".venv\Lib\site-packages\urllib3\contrib\emscripten\__pycache__\request.cpython-313.pyc","1487",".pyc"
".venv\Lib\site-packages\urllib3\contrib\emscripten\__pycache__\response.cpython-313.pyc","12534",".pyc"
".venv\Lib\site-packages\urllib3\contrib\emscripten\__pycache__\__init__.cpython-313.pyc","1010",".pyc"
".venv\Lib\site-packages\urllib3\contrib\__pycache__\pyopenssl.cpython-313.pyc","30650",".pyc"
".venv\Lib\site-packages\urllib3\contrib\__pycache__\socks.cpython-313.pyc","8288",".pyc"
".venv\Lib\site-packages\urllib3\contrib\__pycache__\__init__.cpython-313.pyc","211",".pyc"
".venv\Lib\site-packages\urllib3\http2\connection.py","12613",".py"
".venv\Lib\site-packages\urllib3\http2\probe.py","3014",".py"
".venv\Lib\site-packages\urllib3\http2\__init__.py","1741",".py"
".venv\Lib\site-packages\urllib3\http2\__pycache__\connection.cpython-313.pyc","17435",".pyc"
".venv\Lib\site-packages\urllib3\http2\__pycache__\probe.cpython-313.pyc","3808",".pyc"
".venv\Lib\site-packages\urllib3\http2\__pycache__\__init__.cpython-313.pyc","1773",".pyc"
".venv\Lib\site-packages\urllib3\util\connection.py","4444",".py"
".venv\Lib\site-packages\urllib3\util\proxy.py","1148",".py"
".venv\Lib\site-packages\urllib3\util\request.py","10228",".py"
".venv\Lib\site-packages\urllib3\util\response.py","3374",".py"
".venv\Lib\site-packages\urllib3\util\retry.py","20151",".py"
".venv\Lib\site-packages\urllib3\util\ssltransport.py","8847",".py"
".venv\Lib\site-packages\urllib3\util\ssl_.py","17856",".py"
".venv\Lib\site-packages\urllib3\util\ssl_match_hostname.py","5479",".py"
".venv\Lib\site-packages\urllib3\util\timeout.py","10346",".py"
".venv\Lib\site-packages\urllib3\util\url.py","19579",".py"
".venv\Lib\site-packages\urllib3\util\util.py","1146",".py"
".venv\Lib\site-packages\urllib3\util\wait.py","4423",".py"
".venv\Lib\site-packages\urllib3\util\__init__.py","1001",".py"
".venv\Lib\site-packages\urllib3\util\__pycache__\connection.cpython-313.pyc","4754",".pyc"
".venv\Lib\site-packages\urllib3\util\__pycache__\proxy.cpython-313.pyc","1244",".pyc"
".venv\Lib\site-packages\urllib3\util\__pycache__\request.cpython-313.pyc","10185",".pyc"
".venv\Lib\site-packages\urllib3\util\__pycache__\response.cpython-313.pyc","2923",".pyc"
".venv\Lib\site-packages\urllib3\util\__pycache__\retry.cpython-313.pyc","21599",".pyc"
".venv\Lib\site-packages\urllib3\util\__pycache__\ssltransport.cpython-313.pyc","13465",".pyc"
".venv\Lib\site-packages\urllib3\util\__pycache__\ssl_.cpython-313.pyc","15903",".pyc"
".venv\Lib\site-packages\urllib3\util\__pycache__\ssl_match_hostname.cpython-313.pyc","5594",".pyc"
".venv\Lib\site-packages\urllib3\util\__pycache__\timeout.cpython-313.pyc","11317",".pyc"
".venv\Lib\site-packages\urllib3\util\__pycache__\url.cpython-313.pyc","20685",".pyc"
".venv\Lib\site-packages\urllib3\util\__pycache__\util.cpython-313.pyc","2147",".pyc"
".venv\Lib\site-packages\urllib3\util\__pycache__\wait.cpython-313.pyc","3571",".pyc"
".venv\Lib\site-packages\urllib3\util\__pycache__\__init__.cpython-313.pyc","1024",".pyc"
".venv\Lib\site-packages\urllib3\__pycache__\connection.cpython-313.pyc","42322",".pyc"
".venv\Lib\site-packages\urllib3\__pycache__\connectionpool.cpython-313.pyc","40070",".pyc"
".venv\Lib\site-packages\urllib3\__pycache__\exceptions.cpython-313.pyc","17435",".pyc"
".venv\Lib\site-packages\urllib3\__pycache__\fields.cpython-313.pyc","11616",".pyc"
".venv\Lib\site-packages\urllib3\__pycache__\filepost.cpython-313.pyc","3516",".pyc"
".venv\Lib\site-packages\urllib3\__pycache__\poolmanager.cpython-313.pyc","24703",".pyc"
".venv\Lib\site-packages\urllib3\__pycache__\response.cpython-313.pyc","59831",".pyc"
".venv\Lib\site-packages\urllib3\__pycache__\_base_connection.cpython-313.pyc","6999",".pyc"
".venv\Lib\site-packages\urllib3\__pycache__\_collections.cpython-313.pyc","23116",".pyc"
".venv\Lib\site-packages\urllib3\__pycache__\_request_methods.cpython-313.pyc","9981",".pyc"
".venv\Lib\site-packages\urllib3\__pycache__\_version.cpython-313.pyc","657",".pyc"
".venv\Lib\site-packages\urllib3\__pycache__\__init__.cpython-313.pyc","7144",".pyc"
".venv\Lib\site-packages\urllib3-2.8.0.dist-info\INSTALLER","4",""
".venv\Lib\site-packages\urllib3-2.8.0.dist-info\METADATA","7389",""
".venv\Lib\site-packages\urllib3-2.8.0.dist-info\RECORD","5528",""
".venv\Lib\site-packages\urllib3-2.8.0.dist-info\WHEEL","87",""
".venv\Lib\site-packages\urllib3-2.8.0.dist-info\licenses\LICENSE.txt","1093",".txt"
".venv\Scripts\activate","2256",""
".venv\Scripts\activate.bat","1046",".bat"
".venv\Scripts\activate.fish","2305",".fish"
".venv\Scripts\Activate.ps1","27969",".ps1"
".venv\Scripts\deactivate.bat","393",".bat"
".venv\Scripts\dotenv.exe","108385",".exe"
".venv\Scripts\idna.exe","108380",".exe"
".venv\Scripts\normalizer.exe","108406",".exe"
".venv\Scripts\pip.exe","108446",".exe"
".venv\Scripts\pip3.13.exe","108446",".exe"
".venv\Scripts\pip3.exe","108446",".exe"
".venv\Scripts\python.exe","254832",".exe"
".venv\Scripts\pythonw.exe","251248",".exe"
"config\pip.ini","101",".ini"
"data\raw\S001_communicating_file_9f79d28e3aa06aa5a68614a0855e2a782029801fc9215faa3308d844ab1d61d3.json","681",".json"
"data\raw\S001_file_relations_20260930.json","1137",".json"
"data\raw\S001_S004_manifest_20260930.json","3162",".json"
"data\raw\S001_virustotal_whois_20260930.json","670",".json"
"data\raw\S002_shodan_20260930.json","1191",".json"
"data\raw\S002_virustotal_comment_20260930.json","667",".json"
"data\raw\S002_virustotal_details_whois_20260930.json","1017",".json"
"data\raw\S002_virustotal_whois_20260930.json","636",".json"
"data\raw\S003_luode_vip_relations_20260930.json","6891",".json"
"data\raw\S003_virustotal_certificates_20260930.json","2116",".json"
"data\raw\S003_virustotal_relations_20260930.json","963",".json"
"data\raw\S003_virustotal_whois_20260930.json","2134",".json"
"data\raw\S004_detection_20260930.json","1423",".json"
"data\raw\S005_details_20260930.json","1190",".json"
"data\seeds\manual_pivots.csv","1244",".csv"
"data\seeds\seeds.csv","1136",".csv"
"logs\S005_save.log","139",".log"
"tools\pip-cache\http-v2\0\6\d\c\4\06dc473e2a0f35d2c99caf3e5ce93bfd9222f2778b6de6d716145ad6","1237",""
"tools\pip-cache\http-v2\0\6\d\c\4\06dc473e2a0f35d2c99caf3e5ce93bfd9222f2778b6de6d716145ad6.body","22780",".body"
"tools\pip-cache\http-v2\0\a\4\b\3\0a4b30c32de5c577e2dc938a411fca44968f5e16b63e4d561d3b1e6d","1292",""
"tools\pip-cache\http-v2\0\a\4\b\3\0a4b30c32de5c577e2dc938a411fca44968f5e16b63e4d561d3b1e6d.body","7207",".body"
"tools\pip-cache\http-v2\0\a\6\b\7\0a6b76df38e61ac4e1f757a1132d2c6424dcb9c23751423afee448ac","1232",""
"tools\pip-cache\http-v2\0\a\6\b\7\0a6b76df38e61ac4e1f757a1132d2c6424dcb9c23751423afee448ac.body","73075",".body"
"tools\pip-cache\http-v2\0\e\1\a\1\0e1a1835910df4986c9270aec010ac01d7cf2dd6931386c077df5aa3","1274",""
"tools\pip-cache\http-v2\0\e\1\a\1\0e1a1835910df4986c9270aec010ac01d7cf2dd6931386c077df5aa3.body","4617",".body"
"tools\pip-cache\http-v2\1\0\b\2\a\10b2a8b62ea67a4cd49d0d353a09c43832fb02ba7b3a804e29c73417","1298",""
"tools\pip-cache\http-v2\1\0\b\2\a\10b2a8b62ea67a4cd49d0d353a09c43832fb02ba7b3a804e29c73417.body","4806",".body"
"tools\pip-cache\http-v2\2\e\0\b\1\2e0b104156b59fc95cf18a269ffed21374c7d170902fa4d96c00004d","1232",""
"tools\pip-cache\http-v2\2\e\0\b\1\2e0b104156b59fc95cf18a269ffed21374c7d170902fa4d96c00004d.body","135717",".body"
"tools\pip-cache\http-v2\4\1\9\6\f\4196fb32cd5477509fa68e914f1472976a27100798a6d4a646f26472","1237",""
"tools\pip-cache\http-v2\4\1\9\6\f\4196fb32cd5477509fa68e914f1472976a27100798a6d4a646f26472.body","136983",".body"
"tools\pip-cache\http-v2\4\b\e\0\7\4be07d3ac353e38d2c9e3a257cad36ee2a758fc88b4cd5f0d479a5a9","1899",""
"tools\pip-cache\http-v2\4\b\e\0\7\4be07d3ac353e38d2c9e3a257cad36ee2a758fc88b4cd5f0d479a5a9.body","19215",".body"
"tools\pip-cache\http-v2\4\f\f\8\6\4ff8606ef3565dd3d8cb49160a12b00a0874f4891b47bf2460855867","1899",""
"tools\pip-cache\http-v2\4\f\f\8\6\4ff8606ef3565dd3d8cb49160a12b00a0874f4891b47bf2460855867.body","13594",".body"
"tools\pip-cache\http-v2\5\5\7\8\f\5578f04015bc72d34ccff0865612606d646694de3865112ddef4292f","1227",""
"tools\pip-cache\http-v2\5\5\7\8\f\5578f04015bc72d34ccff0865612606d646694de3865112ddef4292f.body","69583",".body"
"tools\pip-cache\http-v2\5\9\c\5\0\59c5017976d4b09ccdcc322ecef2f9f3ffce3ba2c7411f80b22bdf62","1232",""
"tools\pip-cache\http-v2\5\9\c\5\0\59c5017976d4b09ccdcc322ecef2f9f3ffce3ba2c7411f80b22bdf62.body","28926",".body"
"tools\pip-cache\http-v2\5\b\d\8\9\5bd894eeb3dfe1c8aaee1daecdfb74bbb314293813a730238621f077","1898",""
"tools\pip-cache\http-v2\5\b\d\8\9\5bd894eeb3dfe1c8aaee1daecdfb74bbb314293813a730238621f077.body","271714",".body"
"tools\pip-cache\http-v2\8\9\1\7\2\89172e1b67e9e3c9854025385bfb7d37adaa89601789d98df17ff2ea","1248",""
"tools\pip-cache\http-v2\8\9\1\7\2\89172e1b67e9e3c9854025385bfb7d37adaa89601789d98df17ff2ea.body","1816632",".body"
"tools\pip-cache\http-v2\8\b\2\4\2\8b24226e2da88df4abeee0d8ca6bce79b19ca2bcd5f94b543939c66c","1902",""
"tools\pip-cache\http-v2\8\b\2\4\2\8b24226e2da88df4abeee0d8ca6bce79b19ca2bcd5f94b543939c66c.body","10289",".body"
"tools\pip-cache\http-v2\8\d\0\e\1\8d0e104919449355aedb55b5b546bb9fd53f0e1a8ca1b082109464e9","1900",""
"tools\pip-cache\http-v2\8\d\0\e\1\8d0e104919449355aedb55b5b546bb9fd53f0e1a8ca1b082109464e9.body","25898",".body"
"tools\pip-cache\http-v2\9\0\c\c\6\90cc6e876cfbbf822d3438296fb13a1644fad34add976996b38c9362","1276",""
"tools\pip-cache\http-v2\9\0\c\c\6\90cc6e876cfbbf822d3438296fb13a1644fad34add976996b38c9362.body","7389",".body"
"tools\pip-cache\http-v2\a\1\9\5\3\a19537d3cf37c122db841d6fe4cd322bc10d1a558bb00d146b85cb9a","1798",""
"tools\pip-cache\http-v2\a\1\9\5\3\a19537d3cf37c122db841d6fe4cd322bc10d1a558bb00d146b85cb9a.body","38310",".body"
"tools\pip-cache\http-v2\a\b\d\d\d\abdddc46265b81c7d6dc73a20f1ad8ef043a66e9e79abdc1379bf71e","1902",""
"tools\pip-cache\http-v2\a\b\d\d\d\abdddc46265b81c7d6dc73a20f1ad8ef043a66e9e79abdc1379bf71e.body","13707",".body"
"tools\pip-cache\http-v2\c\4\8\0\4\c48049b5d65aefa436cd1fc80e84d2dd188909ebcc18c811e6a982fa","1236",""
"tools\pip-cache\http-v2\c\4\8\0\4\c48049b5d65aefa436cd1fc80e84d2dd188909ebcc18c811e6a982fa.body","206489",".body"
"tools\pip-cache\http-v2\c\c\6\6\2\cc6625d74966fd723a5bf2c16450d5d92fc300bf538ae394f7885dc0","1280",""
"tools\pip-cache\http-v2\c\c\6\6\2\cc6625d74966fd723a5bf2c16450d5d92fc300bf538ae394f7885dc0.body","2474",".body"
"tools\pip-cache\http-v2\e\2\c\4\6\e2c469bca3141178c969ad4304e1899470fcc6276849582266c9c130","1301",""
"tools\pip-cache\http-v2\e\2\c\4\6\e2c469bca3141178c969ad4304e1899470fcc6276849582266c9c130.body","29008",".body"
"tools\pip-cache\http-v2\e\a\c\6\1\eac61126daf80149d2a016f12a54eab5e3b5c1dbc77410ff1a97edc4","1899",""
"tools\pip-cache\http-v2\e\a\c\6\1\eac61126daf80149d2a016f12a54eab5e3b5c1dbc77410ff1a97edc4.body","31334",".body"
"tools\pip-cache\http-v2\f\c\7\4\5\fc745964a55aab79afa3e330c603ff9a94ae02469258abb1cfcc0b1a","1285",""
"tools\pip-cache\http-v2\f\c\7\4\5\fc745964a55aab79afa3e330c603ff9a94ae02469258abb1cfcc0b1a.body","47287",".body"
"tools\pip-cache\http-v2\f\f\3\2\d\ff32dd05b67b546ea41abb7a84a730e316e5831f36bddf688aa0df6d","1309",""
"tools\pip-cache\http-v2\f\f\3\2\d\ff32dd05b67b546ea41abb7a84a730e316e5831f36bddf688aa0df6d.body","1174",".body"
"tools\pip-cache\selfcheck\b2c1a33c6cd5a3f6d16510d83d2418892a0ac6c042fe3decf305b17c","152",""
